calibration_method,bin_index,mean_predicted_prob,fraction_of_positives
Raw Bayesian Posterior (Uncalibrated),1,0.0287,0.0
Raw Bayesian Posterior (Uncalibrated),2,0.112,0.5
Raw Bayesian Posterior (Uncalibrated),3,0.2367,0.6667
Raw Bayesian Posterior (Uncalibrated),4,0.3402,1.0
Raw Bayesian Posterior (Uncalibrated),5,0.5563,1.0
Raw Bayesian Posterior (Uncalibrated),6,0.7534,1.0
Raw Bayesian Posterior (Uncalibrated),7,0.8531,1.0
Raw Bayesian Posterior (Uncalibrated),8,0.9963,1.0
Platt Scaling (5-Fold CV),1,0.017,0.0
Platt Scaling (5-Fold CV),2,0.1529,0.3333
Platt Scaling (5-Fold CV),3,0.2135,0.0
Platt Scaling (5-Fold CV),4,0.4182,0.0
Platt Scaling (5-Fold CV),5,0.5684,1.0
Platt Scaling (5-Fold CV),6,0.6405,1.0
Platt Scaling (5-Fold CV),7,0.7773,0.6667
Platt Scaling (5-Fold CV),8,0.995,1.0
Isotonic Regression (5-Fold CV),1,0.0,0.0345
Isotonic Regression (5-Fold CV),2,1.0,0.9722
