FacilityInspireId,facilityName,countryName,city,Longitude,Latitude,years_reported,years_list,mean_co2_tonnes,min_co2_tonnes,max_co2_tonnes,std_co2_tonnes,sector
https://registry.gdi-de.org/id/de.bb.inspire.pf.eureg/23020947,CEMEX Zement GmbH,Germany,Rüdersdorf bei Berlin,13.83693,52.48907,6,"[2018, 2019, 2020, 2021, 2022, 2023]",1379833.3333333333,1059000.0,1490000.0,163487.51226520844,Cement
https://registry.gdi-de.org/id/de.th/5bf25e39-19d5-4254-adac-63f1b1cec499/77012792,"Dyckerhoff GmbH, Werk Deuna ",Germany,Niederorschel,10.48357,51.36276,6,"[2018, 2019, 2020, 2021, 2022, 2023]",1099833.3333333333,929000.0,1200000.0,106715.3534720598,Cement
https://registry.gdi-de.org/id/de.nw.inspire.pf.bube-eureg/arb-2017-566040-500-0106867,Dyckerhoff GmbH,Germany,Lengerich,7.88783,52.17499,6,"[2018, 2019, 2020, 2021, 2022, 2023]",1068833.3333333333,858000.0,1150000.0,113895.41986694049,Cement
https://registry.gdi-de.org/id/de.sh/10038078,Holcim (Deutschland) GmbH ,Germany,Lägerdorf,9.57999,53.87707,6,"[2018, 2019, 2020, 2021, 2022, 2023]",1034000.0,962000.0,1080000.0,49461.095822878815,Cement
https://registry.gdi-de.org/id/de.by.inspire.pf.ied/S00600,"Heidelberg Materials AG, Zementwerk Burglengenfeld",Germany,Burglengenfeld,12.028282784446738,49.21282917234831,6,"[2018, 2019, 2020, 2021, 2022, 2023]",894500.0,736000.0,1110000.0,141467.66414979784,Cement
https://registry.gdi-de.org/id/de.bw.lubw.inspire.pf/pf-450-4664299-00000000,HeidelbergCement ,Germany,Schelklingen,9.73471,48.36859,5,"[2018, 2019, 2020, 2021, 2022]",802800.0,625000.0,919000.0,114051.30424506332,Cement
https://registry.gdi-de.org/id/de.bw.lubw.inspire.pf/pf-450-4650956-00000000,Schwenk Zement ,Germany,Allmendingen,9.7305,48.33197,6,"[2018, 2019, 2020, 2021, 2022, 2023]",802666.6666666666,744000.0,852000.0,44446.222186668085,Cement
https://registry.gdi-de.org/id/de.by.inspire.pf.ied/S00242,Zementwerk Rohrdorf,Germany,Rohrdorf,12.181625734464664,47.79082077827796,6,"[2018, 2019, 2020, 2021, 2022, 2023]",794833.3333333334,652000.0,876000.0,94508.0243506691,Cement
https://registry.gdi-de.org/id/de.by.inspire.pf.ied/S00935,"Heidelberg Materials AG, Zementwerk Lengfurt",Germany,Triefenstein,9.617891164731216,49.80845200690917,6,"[2018, 2019, 2020, 2021, 2022, 2023]",764000.0,685000.0,814000.0,49408.50129279372,Cement
https://registry.gdi-de.org/id/de.rp.inspire.pf.bube-eureg/5000164,Dyckerhoff GmbH,Germany,Göllheim,8.03701,49.60203,6,"[2018, 2019, 2020, 2021, 2022, 2023]",755333.3333333334,675000.0,808000.0,44844.91795807711,Cement
PL.MŚ/000000104.FACILITY,Górażdże Cement S.A. - Cementowia Górażdże,Poland,Chorula,17.9777222222222,50.5348055555556,5,"[2018, 2019, 2021, 2022, 2023]",2910000.0,2850000.0,2950000.0,44158.804331639236,Cement
EL.CAED/100078.FACILITY,"HERACLES G.C.Co, MILAKI PLANT",Greece,ALIVERI,24.06393,38.37488,6,"[2018, 2019, 2020, 2021, 2022, 2023]",2166166.6666666665,809000.0,8830000.0,3264652.595095942,Cement
PL.MŚ/000000053.FACILITY,Grupa Ożarów S.A.,Poland,Karsy,21.6765041351318,50.9304275512695,6,"[2018, 2019, 2020, 2021, 2022, 2023]",2113333.3333333335,1790000.0,2200000.0,161203.804752452,Cement
DK.CAED/000105786.FACILITY,Aalborg Portland A/S,Denmark,Aalborg Øst,9.972783690408685,57.0632413325794,6,"[2018, 2019, 2020, 2021, 2022, 2023]",2108599.3333333335,1704341.0,2339867.0,230762.64296256157,Cement
SE.CAED/10016795.Facility,"Heidelberg Materials Cement Sverige AB, Slitefabriken",Sweden,SLITE,18.80539,57.71172,6,"[2018, 2019, 2020, 2021, 2022, 2023]",1590328.5,1510000.0,1740000.0,88642.96629456847,Cement
https://registry.gdi-de.org/id/de.ni.mu/01211092310,Salzgitter Flachstahl GmbH ,Germany,Salzgitter,10.40308,52.15476,6,"[2018, 2019, 2020, 2021, 2022, 2023]",7534333.333333333,6866000.0,7940000.0,443369.6726961224,Steel
https://registry.gdi-de.org/id/de.nw.inspire.pf.bube-eureg/arb-2017-112000-100-0077961,Hüttenwerke Krupp Mannesmann GmbH,Germany,Duisburg,6.71227,51.36823,6,"[2018, 2019, 2020, 2021, 2022, 2023]",4632166.666666667,4000000.0,5180000.0,477620.9445435436,Steel
https://registry.gdi-de.org/id/de.hb/de.hb.pf.bube-eureg.06-04-11/2005382/5/0,ArcelorMittal Bremen GmbH ,Germany,Bremen,8.68673,53.12494,6,"[2018, 2019, 2020, 2021, 2022, 2023]",2397833.3333333335,2160000.0,2750000.0,199319.25814297693,Steel
https://registry.gdi-de.org/id/de.bb.inspire.pf.eureg/23024102,ArcelorMittal Eisenhüttenstadt GmbH ,Germany,Eisenhüttenstadt,14.61768,52.16614,6,"[2018, 2019, 2020, 2021, 2022, 2023]",1800166.6666666667,1580000.0,2040000.0,145849.80859317802,Steel
https://registry.gdi-de.org/id/de.nw.inspire.pf.bube-eureg/arb-2017-112000-100-0215455,thyssenkrupp Steel Europe AG Werk Hamborn,Germany,Duisburg,6.73172,51.48466,6,"[2018, 2019, 2020, 2021, 2022, 2023]",1269500.0,1210000.0,1360000.0,55258.48351158402,Steel
https://registry.gdi-de.org/id/de.nw.inspire.pf.bube-eureg/arb-2017-112000-100-0209707,thyssenkrupp Steel Europe AG Werk Beeckerwerth,Germany,Duisburg,6.70664,51.48409,6,"[2018, 2019, 2020, 2021, 2022, 2023]",806333.3333333334,725000.0,926000.0,72945.6418620514,Steel
https://registry.gdi-de.org/id/de.nw.inspire.pf.bube-eureg/arb-2017-112000-100-0388700,DK Recycling und Roheisen GmbH,Germany,Duisburg,6.74199,51.42228,6,"[2018, 2019, 2020, 2021, 2022, 2023]",571333.3333333334,476000.0,638000.0,55431.639581259595,Steel
https://registry.gdi-de.org/id/de.nw.inspire.pf.bube-eureg/arb-2017-112000-100-0209697,thyssenkrupp Steel Europe AG Werk Bruckhausen,Germany,Duisburg,6.73795,51.49409,6,"[2018, 2019, 2020, 2021, 2022, 2023]",502333.3333333333,480000.0,517000.0,16058.22738245621,Steel
https://registry.gdi-de.org/id/de.nw.inspire.pf.bube-eureg/arb-2017-112000-100-9973329,ArcelorMittal Hochfeld GmbH,Germany,Duisburg,6.74522,51.4639,6,"[2018, 2019, 2020, 2021, 2022, 2023]",238166.66666666666,214000.0,273000.0,21442.170288165013,Steel
https://registry.gdi-de.org/id/de.ni.mu/10285005160,Georgsmarienhütte GmbH ,Germany,Georgsmarienhütte,8.0495,52.20914,6,"[2018, 2019, 2020, 2021, 2022, 2023]",162333.33333333334,147000.0,180000.0,10670.832519848987,Steel
AT.CAED/9008390731697.FACILITY,voestalpine Stahl GmbH,Austria,Linz,14.34,48.284,6,"[2018, 2019, 2020, 2021, 2022, 2023]",8628333.333333334,7750000.0,9340000.0,518668.1662360498,Steel
FR.CAED/7656.FACILITY,ARCELORMITTAL MEDITERRANEE,France,FOS SUR MER,4.93663,43.46551,6,"[2018, 2019, 2020, 2021, 2022, 2023]",6601666.602666666,5330999.808,7658999.808,919363.2341003679,Steel
NL.RIVM/000023301.FACILITY,Tata Steel IJmuiden BV,Netherlands,Velsen-Noord,4.59217,52.47656,6,"[2018, 2019, 2020, 2021, 2022, 2023]",5843333.333333333,4550000.0,6590000.0,707662.8198984787,Steel
https://data.gov.sk/set/data/so/b4d884b3-4442-43db-a19c-ceb6e127960f/SK57002803.NRZ.FACILITY,U.S.Steel s.r.o.,Slovakia,Košice - Šaca,21.198325,48.617783,5,"[2018, 2019, 2020, 2021, 2022]",5226000.0,4390000.0,5970000.0,672629.1697510597,Steel
IT.CAED/741231004.FACILITY,STABILIMENTO DI TARANTO,Italy,TARANTO,17.1999,40.5167,6,"[2018, 2019, 2020, 2021, 2022, 2023]",5183973.1033333335,4351958.3,6069617.0,684813.5335807743,Steel
