FacilityInspireId,facilityName,countryName,city,Latitude,Longitude,sector,reportingYear,co2_tonnes,co2_excl_biomass_tonnes,nox_tonnes,sox_tonnes,co_tonnes,EPRTR_SectorName,EPRTRAnnexIMainActivity
DK.CAED/000105786.FACILITY,Aalborg Portland A/S,Denmark,Aalborg Øst,57.0632413325794,9.972783690408685,Cement,2018,2190706.0,,2494.0,895.0,3624.0,Mineral industry,3(c)(i)
DK.CAED/000105786.FACILITY,Aalborg Portland A/S,Denmark,Aalborg Øst,57.0632413325794,9.972783690408685,Cement,2019,2189152.0,,2556.0,958.0,4600.0,Mineral industry,3(c)(i)
DK.CAED/000105786.FACILITY,Aalborg Portland A/S,Denmark,Aalborg Øst,57.0632413325794,9.972783690408685,Cement,2020,2339867.0,,2822.0,1239.0,5540.0,Mineral industry,3(c)(i)
DK.CAED/000105786.FACILITY,Aalborg Portland A/S,Denmark,Aalborg Øst,57.0632413325794,9.972783690408685,Cement,2021,2248048.0,,2671.0,1174.0,5283.0,Mineral industry,3(c)(i)
DK.CAED/000105786.FACILITY,Aalborg Portland A/S,Denmark,Aalborg Øst,57.0632413325794,9.972783690408685,Cement,2022,1979482.0,,2706.0,786.0,4825.0,Mineral industry,3(c)(i)
DK.CAED/000105786.FACILITY,Aalborg Portland A/S,Denmark,Aalborg Øst,57.0632413325794,9.972783690408685,Cement,2023,1704341.0,,2414.0,577.0,3943.0,Mineral industry,3(c)(i)
https://registry.gdi-de.org/id/de.bb.inspire.pf.eureg/23020947,CEMEX Zement GmbH,Germany,Rüdersdorf bei Berlin,52.48907,13.83693,Cement,2018,1400000.0,,1390.0,1270.0,1030.0,Mineral industry,3(c)(i)
https://registry.gdi-de.org/id/de.bb.inspire.pf.eureg/23020947,CEMEX Zement GmbH,Germany,Rüdersdorf bei Berlin,52.48907,13.83693,Cement,2019,1470000.0,,918.0,1430.0,890.0,Mineral industry,3(c)(i)
https://registry.gdi-de.org/id/de.bb.inspire.pf.eureg/23020947,CEMEX Zement GmbH,Germany,Rüdersdorf bei Berlin,52.48907,13.83693,Cement,2020,1480000.0,,888.0,1350.0,940.0,Mineral industry,3(c)(i)
https://registry.gdi-de.org/id/de.bb.inspire.pf.eureg/23020947,CEMEX Zement GmbH,Germany,Rüdersdorf bei Berlin,52.48907,13.83693,Cement,2021,1490000.0,,916.0,1420.0,1090.0,Mineral industry,3(c)(i)
https://registry.gdi-de.org/id/de.bb.inspire.pf.eureg/23020947,CEMEX Zement GmbH,Germany,Rüdersdorf bei Berlin,52.48907,13.83693,Cement,2022,1380000.0,,861.0,1320.0,932.0,Mineral industry,3(c)(i)
https://registry.gdi-de.org/id/de.bb.inspire.pf.eureg/23020947,CEMEX Zement GmbH,Germany,Rüdersdorf bei Berlin,52.48907,13.83693,Cement,2023,1059000.0,,683.0,1050.0,712.0,Mineral industry,3(c)(i)
https://registry.gdi-de.org/id/de.nw.inspire.pf.bube-eureg/arb-2017-566040-500-0106867,Dyckerhoff GmbH,Germany,Lengerich,52.17499,7.88783,Cement,2018,1020000.0,967000.0,573.0,,1970.0,Mineral industry,3(c)(i)
https://registry.gdi-de.org/id/de.rp.inspire.pf.bube-eureg/5000164,Dyckerhoff GmbH,Germany,Göllheim,49.60203,8.03701,Cement,2018,675000.0,,496.0,,2660.0,Mineral industry,3(c)(i)
https://registry.gdi-de.org/id/de.nw.inspire.pf.bube-eureg/arb-2017-566040-500-0106867,Dyckerhoff GmbH,Germany,Lengerich,52.17499,7.88783,Cement,2019,1150000.0,1080000.0,620.0,,1260.0,Mineral industry,3(c)(i)
https://registry.gdi-de.org/id/de.rp.inspire.pf.bube-eureg/5000164,Dyckerhoff GmbH,Germany,Göllheim,49.60203,8.03701,Cement,2019,744000.0,,517.0,,2580.0,Mineral industry,3(c)(i)
https://registry.gdi-de.org/id/de.nw.inspire.pf.bube-eureg/arb-2017-566040-500-0106867,Dyckerhoff GmbH,Germany,Lengerich,52.17499,7.88783,Cement,2020,1140000.0,1070000.0,591.0,,789.0,Mineral industry,3(c)(i)
https://registry.gdi-de.org/id/de.rp.inspire.pf.bube-eureg/5000164,Dyckerhoff GmbH,Germany,Göllheim,49.60203,8.03701,Cement,2020,757000.0,,436.0,,2690.0,Mineral industry,3(c)(i)
https://registry.gdi-de.org/id/de.nw.inspire.pf.bube-eureg/arb-2017-566040-500-0106867,Dyckerhoff GmbH,Germany,Lengerich,52.17499,7.88783,Cement,2021,1140000.0,1070000.0,609.0,,642.0,Mineral industry,3(c)(i)
https://registry.gdi-de.org/id/de.rp.inspire.pf.bube-eureg/5000164,Dyckerhoff GmbH,Germany,Göllheim,49.60203,8.03701,Cement,2021,808000.0,,427.0,,2450.0,Mineral industry,3(c)(i)
https://registry.gdi-de.org/id/de.nw.inspire.pf.bube-eureg/arb-2017-566040-500-0106867,Dyckerhoff GmbH,Germany,Lengerich,52.17499,7.88783,Cement,2022,1105000.0,1040332.4484,583.0,,901.0,Mineral industry,3(c)(i)
https://registry.gdi-de.org/id/de.rp.inspire.pf.bube-eureg/5000164,Dyckerhoff GmbH,Germany,Göllheim,49.60203,8.03701,Cement,2022,774000.0,717000.0,430.0,,2140.0,Mineral industry,3(c)(i)
https://registry.gdi-de.org/id/de.nw.inspire.pf.bube-eureg/arb-2017-566040-500-0106867,Dyckerhoff GmbH,Germany,Lengerich,52.17499,7.88783,Cement,2023,858000.0,,480.0,,828.0,Mineral industry,3(c)(i)
https://registry.gdi-de.org/id/de.rp.inspire.pf.bube-eureg/5000164,Dyckerhoff GmbH,Germany,Göllheim,49.60203,8.03701,Cement,2023,774000.0,717161.65899,430.0,,2137.0,Mineral industry,3(c)(i)
https://registry.gdi-de.org/id/de.th/5bf25e39-19d5-4254-adac-63f1b1cec499/77012792,"Dyckerhoff GmbH, Werk Deuna ",Germany,Niederorschel,51.36276,10.48357,Cement,2018,1010000.0,938000.0,1020.0,,955.0,Mineral industry,3(c)(i)
https://registry.gdi-de.org/id/de.th/5bf25e39-19d5-4254-adac-63f1b1cec499/77012792,"Dyckerhoff GmbH, Werk Deuna ",Germany,Niederorschel,51.36276,10.48357,Cement,2019,1140000.0,1030000.0,906.0,,1120.0,Mineral industry,3(c)(i)
https://registry.gdi-de.org/id/de.th/5bf25e39-19d5-4254-adac-63f1b1cec499/77012792,"Dyckerhoff GmbH, Werk Deuna ",Germany,Niederorschel,51.36276,10.48357,Cement,2020,1200000.0,1090000.0,635.0,,635.0,Mineral industry,3(c)(i)
https://registry.gdi-de.org/id/de.th/5bf25e39-19d5-4254-adac-63f1b1cec499/77012792,"Dyckerhoff GmbH, Werk Deuna ",Germany,Niederorschel,51.36276,10.48357,Cement,2021,1180000.0,1070000.0,646.0,,760.0,Mineral industry,3(c)(i)
https://registry.gdi-de.org/id/de.th/5bf25e39-19d5-4254-adac-63f1b1cec499/77012792,"Dyckerhoff GmbH, Werk Deuna ",Germany,Niederorschel,51.36276,10.48357,Cement,2022,1140000.0,1040000.0,596.0,,810.0,Mineral industry,3(c)(i)
https://registry.gdi-de.org/id/de.th/5bf25e39-19d5-4254-adac-63f1b1cec499/77012792,"Dyckerhoff GmbH, Werk Deuna ",Germany,Niederorschel,51.36276,10.48357,Cement,2023,929000.0,,520.0,,741.0,Mineral industry,3(c)(i)
PL.MŚ/000000053.FACILITY,Grupa Ożarów S.A.,Poland,Karsy,50.9304275512695,21.6765041351318,Cement,2018,2180000.0,,2160.0,1220.0,5080.0,Mineral industry,3(c)
PL.MŚ/000000053.FACILITY,Grupa Ożarów S.A.,Poland,Karsy,50.9304275512695,21.6765041351318,Cement,2019,2200000.0,,2520.0,3040.0,6850.0,Mineral industry,3(c)
PL.MŚ/000000053.FACILITY,Grupa Ożarów S.A.,Poland,Karsy,50.9304275512695,21.6765041351318,Cement,2020,2190000.0,,1890.0,3210.0,4740.0,Mineral industry,3(c)
PL.MŚ/000000053.FACILITY,Grupa Ożarów S.A.,Poland,Karsy,50.9304275512695,21.6765041351318,Cement,2021,2120000.0,,1890.0,3640.0,4650.0,Mineral industry,3(c)
PL.MŚ/000000053.FACILITY,Grupa Ożarów S.A.,Poland,Karsy,50.9304275512695,21.6765041351318,Cement,2022,2200000.0,,2240.0,2380.0,3550.0,Mineral industry,3(c)
PL.MŚ/000000053.FACILITY,Grupa Ożarów S.A.,Poland,Karsy,50.9304275512695,21.6765041351318,Cement,2023,1790000.0,,1810.0,1340.0,2640.0,Mineral industry,3(c)
PL.MŚ/000000104.FACILITY,Górażdże Cement S.A. - Cementowia Górażdże,Poland,Chorula,50.5348055555556,17.9777222222222,Cement,2018,2950000.0,,3410.0,1590.0,10300.0,Mineral industry,3(c)
PL.MŚ/000000104.FACILITY,Górażdże Cement S.A. - Cementowia Górażdże,Poland,Chorula,50.5348055555556,17.9777222222222,Cement,2019,2880000.0,,3200.0,1210.0,9160.0,Mineral industry,3(c)
PL.MŚ/000000104.FACILITY,Górażdże Cement S.A. - Cementowia Górażdże,Poland,Chorula,50.5348055555556,17.9777222222222,Cement,2021,2920000.0,,3540.0,227.0,9800.0,Mineral industry,3(c)
PL.MŚ/000000104.FACILITY,Górażdże Cement S.A. - Cementowia Górażdże,Poland,Chorula,50.5348055555556,17.9777222222222,Cement,2022,2950000.0,,3300.0,480.0,9400.0,Mineral industry,3(c)
PL.MŚ/000000104.FACILITY,Górażdże Cement S.A. - Cementowia Górażdże,Poland,Chorula,50.5348055555556,17.9777222222222,Cement,2023,2850000.0,,2720.0,245.0,6960.0,Mineral industry,3(c)
EL.CAED/100078.FACILITY,"HERACLES G.C.Co, MILAKI PLANT",Greece,ALIVERI,38.37488,24.06393,Cement,2018,8830000.0,,1020.0,,,Mineral industry,3(c)(i)
EL.CAED/100078.FACILITY,"HERACLES G.C.Co, MILAKI PLANT",Greece,ALIVERI,38.37488,24.06393,Cement,2019,852000.0,,970.0,,,Mineral industry,3(c)(i)
EL.CAED/100078.FACILITY,"HERACLES G.C.Co, MILAKI PLANT",Greece,ALIVERI,38.37488,24.06393,Cement,2020,858000.0,,1090.0,,,Mineral industry,3(c)(i)
EL.CAED/100078.FACILITY,"HERACLES G.C.Co, MILAKI PLANT",Greece,ALIVERI,38.37488,24.06393,Cement,2021,809000.0,,957.0,,514.0,Mineral industry,3(c)(i)
EL.CAED/100078.FACILITY,"HERACLES G.C.Co, MILAKI PLANT",Greece,ALIVERI,38.37488,24.06393,Cement,2022,819000.0,,1080.0,,,Mineral industry,3(c)(i)
EL.CAED/100078.FACILITY,"HERACLES G.C.Co, MILAKI PLANT",Greece,ALIVERI,38.37488,24.06393,Cement,2023,829000.0,,1080.0,,,Mineral industry,3(c)(i)
https://registry.gdi-de.org/id/de.by.inspire.pf.ied/S00600,"Heidelberg Materials AG, Zementwerk Burglengenfeld",Germany,Burglengenfeld,49.21282917234831,12.028282784446738,Cement,2018,751000.0,,271.0,,577.0,Mineral industry,3(c)(i)
https://registry.gdi-de.org/id/de.by.inspire.pf.ied/S00600,"Heidelberg Materials AG, Zementwerk Burglengenfeld",Germany,Burglengenfeld,49.21282917234831,12.028282784446738,Cement,2019,965000.0,,471.0,,812.0,Mineral industry,3(c)(i)
https://registry.gdi-de.org/id/de.by.inspire.pf.ied/S00600,"Heidelberg Materials AG, Zementwerk Burglengenfeld",Germany,Burglengenfeld,49.21282917234831,12.028282784446738,Cement,2020,865000.0,,378.0,,788.0,Mineral industry,3(c)(i)
https://registry.gdi-de.org/id/de.by.inspire.pf.ied/S00600,"Heidelberg Materials AG, Zementwerk Burglengenfeld",Germany,Burglengenfeld,49.21282917234831,12.028282784446738,Cement,2021,1110000.0,,576.0,,1890.0,Mineral industry,3(c)(i)
https://registry.gdi-de.org/id/de.by.inspire.pf.ied/S00600,"Heidelberg Materials AG, Zementwerk Burglengenfeld",Germany,Burglengenfeld,49.21282917234831,12.028282784446738,Cement,2022,940000.0,,512.0,,1870.0,Mineral industry,3(c)(i)
https://registry.gdi-de.org/id/de.by.inspire.pf.ied/S00600,"Heidelberg Materials AG, Zementwerk Burglengenfeld",Germany,Burglengenfeld,49.21282917234831,12.028282784446738,Cement,2023,736000.0,,390.0,,1420.0,Mineral industry,3(c)(i)
https://registry.gdi-de.org/id/de.by.inspire.pf.ied/S00935,"Heidelberg Materials AG, Zementwerk Lengfurt",Germany,Triefenstein,49.80845200690917,9.617891164731216,Cement,2018,792000.0,,375.0,306.0,673.0,Mineral industry,3(c)(i)
https://registry.gdi-de.org/id/de.by.inspire.pf.ied/S00935,"Heidelberg Materials AG, Zementwerk Lengfurt",Germany,Triefenstein,49.80845200690917,9.617891164731216,Cement,2019,805000.0,,364.0,328.0,841.0,Mineral industry,3(c)(i)
https://registry.gdi-de.org/id/de.by.inspire.pf.ied/S00935,"Heidelberg Materials AG, Zementwerk Lengfurt",Germany,Triefenstein,49.80845200690917,9.617891164731216,Cement,2020,814000.0,,415.0,369.0,708.0,Mineral industry,3(c)(i)
https://registry.gdi-de.org/id/de.by.inspire.pf.ied/S00935,"Heidelberg Materials AG, Zementwerk Lengfurt",Germany,Triefenstein,49.80845200690917,9.617891164731216,Cement,2021,754000.0,,343.0,315.0,570.0,Mineral industry,3(c)(i)
https://registry.gdi-de.org/id/de.by.inspire.pf.ied/S00935,"Heidelberg Materials AG, Zementwerk Lengfurt",Germany,Triefenstein,49.80845200690917,9.617891164731216,Cement,2022,734000.0,,353.0,266.0,590.0,Mineral industry,3(c)(i)
https://registry.gdi-de.org/id/de.by.inspire.pf.ied/S00935,"Heidelberg Materials AG, Zementwerk Lengfurt",Germany,Triefenstein,49.80845200690917,9.617891164731216,Cement,2023,685000.0,,362.0,296.0,522.0,Mineral industry,3(c)(i)
SE.CAED/10016795.Facility,"Heidelberg Materials Cement Sverige AB, Slitefabriken",Sweden,SLITE,57.71172,18.80539,Cement,2018,1740000.0,1530000.0,1560.0,,5030.0,Mineral industry,3(c)
SE.CAED/10016795.Facility,"Heidelberg Materials Cement Sverige AB, Slitefabriken",Sweden,SLITE,57.71172,18.80539,Cement,2019,1540000.0,1360000.0,1410.0,,4090.0,Mineral industry,3(c)
SE.CAED/10016795.Facility,"Heidelberg Materials Cement Sverige AB, Slitefabriken",Sweden,SLITE,57.71172,18.80539,Cement,2020,1620000.0,1460000.0,1400.0,190.0,6750.0,Mineral industry,3(c)
SE.CAED/10016795.Facility,"Heidelberg Materials Cement Sverige AB, Slitefabriken",Sweden,SLITE,57.71172,18.80539,Cement,2021,1620000.0,1440000.0,1140.0,,6350.0,Mineral industry,3(c)
SE.CAED/10016795.Facility,"Heidelberg Materials Cement Sverige AB, Slitefabriken",Sweden,SLITE,57.71172,18.80539,Cement,2022,1510000.0,1360000.0,1150.0,,4510.0,Mineral industry,3(c)
SE.CAED/10016795.Facility,"Heidelberg Materials Cement Sverige AB, Slitefabriken",Sweden,SLITE,57.71172,18.80539,Cement,2023,1511971.0,1337734.0,1023.689,,4910.299,Mineral industry,3(c)
https://registry.gdi-de.org/id/de.bw.lubw.inspire.pf/pf-450-4664299-00000000,HeidelbergCement ,Germany,Schelklingen,48.36859,9.73471,Cement,2018,828000.0,,707.0,311.0,1850.0,Mineral industry,3(c)
https://registry.gdi-de.org/id/de.bw.lubw.inspire.pf/pf-450-4664299-00000000,HeidelbergCement ,Germany,Schelklingen,48.36859,9.73471,Cement,2019,625000.0,,319.0,505.0,1030.0,Mineral industry,3(c)
https://registry.gdi-de.org/id/de.bw.lubw.inspire.pf/pf-450-4664299-00000000,HeidelbergCement ,Germany,Schelklingen,48.36859,9.73471,Cement,2020,874000.0,,335.0,458.0,992.0,Mineral industry,3(c)
https://registry.gdi-de.org/id/de.bw.lubw.inspire.pf/pf-450-4664299-00000000,HeidelbergCement ,Germany,Schelklingen,48.36859,9.73471,Cement,2021,919000.0,,474.0,577.0,1790.0,Mineral industry,3(c)
https://registry.gdi-de.org/id/de.bw.lubw.inspire.pf/pf-450-4664299-00000000,HeidelbergCement ,Germany,Schelklingen,48.36859,9.73471,Cement,2022,768000.0,,420.0,474.0,1030.0,Mineral industry,3(c)
https://registry.gdi-de.org/id/de.sh/10038078,Holcim (Deutschland) GmbH ,Germany,Lägerdorf,53.87707,9.57999,Cement,2018,1060000.0,,887.0,,1070.0,Mineral industry,3(c)(i)
https://registry.gdi-de.org/id/de.sh/10038078,Holcim (Deutschland) GmbH ,Germany,Lägerdorf,53.87707,9.57999,Cement,2019,1080000.0,,623.0,,1080.0,Mineral industry,3(c)(i)
https://registry.gdi-de.org/id/de.sh/10038078,Holcim (Deutschland) GmbH ,Germany,Lägerdorf,53.87707,9.57999,Cement,2020,1070000.0,,627.0,,694.0,Mineral industry,3(c)(i)
https://registry.gdi-de.org/id/de.sh/10038078,Holcim (Deutschland) GmbH ,Germany,Lägerdorf,53.87707,9.57999,Cement,2021,1050000.0,,603.0,,1150.0,Mineral industry,3(c)(i)
https://registry.gdi-de.org/id/de.sh/10038078,Holcim (Deutschland) GmbH ,Germany,Lägerdorf,53.87707,9.57999,Cement,2022,962000.0,,529.0,,1110.0,Mineral industry,3(c)(i)
https://registry.gdi-de.org/id/de.sh/10038078,Holcim (Deutschland) GmbH ,Germany,Lägerdorf,53.87707,9.57999,Cement,2023,982000.0,,545.0,,1325.0,Mineral industry,3(c)(i)
https://registry.gdi-de.org/id/de.bw.lubw.inspire.pf/pf-450-4650956-00000000,Schwenk Zement ,Germany,Allmendingen,48.33197,9.7305,Cement,2018,754000.0,,488.0,,543.0,Mineral industry,3(c)
https://registry.gdi-de.org/id/de.bw.lubw.inspire.pf/pf-450-4650956-00000000,Schwenk Zement ,Germany,Allmendingen,48.33197,9.7305,Cement,2019,806000.0,,372.0,,,Mineral industry,3(c)
https://registry.gdi-de.org/id/de.bw.lubw.inspire.pf/pf-450-4650956-00000000,Schwenk Zement ,Germany,Allmendingen,48.33197,9.7305,Cement,2020,838000.0,,384.0,,,Mineral industry,3(c)
https://registry.gdi-de.org/id/de.bw.lubw.inspire.pf/pf-450-4650956-00000000,Schwenk Zement ,Germany,Allmendingen,48.33197,9.7305,Cement,2021,852000.0,,452.0,,,Mineral industry,3(c)
https://registry.gdi-de.org/id/de.bw.lubw.inspire.pf/pf-450-4650956-00000000,Schwenk Zement ,Germany,Allmendingen,48.33197,9.7305,Cement,2022,822000.0,,404.0,,,Mineral industry,3(c)
https://registry.gdi-de.org/id/de.bw.lubw.inspire.pf/pf-450-4650956-00000000,Schwenk Zement ,Germany,Allmendingen,48.33197,9.7305,Cement,2023,744000.0,,423.0,,,Mineral industry,3(c)
https://registry.gdi-de.org/id/de.by.inspire.pf.ied/S00242,Zementwerk Rohrdorf,Germany,Rohrdorf,47.79082077827796,12.181625734464664,Cement,2018,856000.0,,379.0,,922.0,Mineral industry,3(c)(i)
https://registry.gdi-de.org/id/de.by.inspire.pf.ied/S00242,Zementwerk Rohrdorf,Germany,Rohrdorf,47.79082077827796,12.181625734464664,Cement,2019,876000.0,,359.0,,922.0,Mineral industry,3(c)(i)
https://registry.gdi-de.org/id/de.by.inspire.pf.ied/S00242,Zementwerk Rohrdorf,Germany,Rohrdorf,47.79082077827796,12.181625734464664,Cement,2020,873000.0,,382.0,,851.0,Mineral industry,3(c)(i)
https://registry.gdi-de.org/id/de.by.inspire.pf.ied/S00242,Zementwerk Rohrdorf,Germany,Rohrdorf,47.79082077827796,12.181625734464664,Cement,2021,805000.0,,352.0,,662.0,Mineral industry,3(c)(i)
https://registry.gdi-de.org/id/de.by.inspire.pf.ied/S00242,Zementwerk Rohrdorf,Germany,Rohrdorf,47.79082077827796,12.181625734464664,Cement,2022,707000.0,,285.0,,718.0,Mineral industry,3(c)(i)
https://registry.gdi-de.org/id/de.by.inspire.pf.ied/S00242,Zementwerk Rohrdorf,Germany,Rohrdorf,47.79082077827796,12.181625734464664,Cement,2023,652000.0,,282.0,,620.0,Mineral industry,3(c)(i)
FR.CAED/7656.FACILITY,ARCELORMITTAL MEDITERRANEE,France,FOS SUR MER,43.46551,4.93663,Steel,2018,7460000.0,,4790.0,5470.0,65700.0,Production and processing of metals,2(b)
FR.CAED/7656.FACILITY,ARCELORMITTAL MEDITERRANEE,France,FOS SUR MER,43.46551,4.93663,Steel,2019,7658999.808,,4140.0,4470.0,58300.0,Production and processing of metals,2(b)
FR.CAED/7656.FACILITY,ARCELORMITTAL MEDITERRANEE,France,FOS SUR MER,43.46551,4.93663,Steel,2020,5802999.808,,3260.0,3450.0,37200.0,Production and processing of metals,2(b)
FR.CAED/7656.FACILITY,ARCELORMITTAL MEDITERRANEE,France,FOS SUR MER,43.46551,4.93663,Steel,2021,6910000.128,,4710.0,5080.0,36800.0,Production and processing of metals,2(b)
FR.CAED/7656.FACILITY,ARCELORMITTAL MEDITERRANEE,France,FOS SUR MER,43.46551,4.93663,Steel,2022,6447000.064,,4100.0,4160.0,50400.0,Production and processing of metals,2(b)
FR.CAED/7656.FACILITY,ARCELORMITTAL MEDITERRANEE,France,FOS SUR MER,43.46551,4.93663,Steel,2023,5330999.808,,2970.0,3570.0,25400.0,Production and processing of metals,2(b)
https://registry.gdi-de.org/id/de.hb/de.hb.pf.bube-eureg.06-04-11/2005382/5/0,ArcelorMittal Bremen GmbH ,Germany,Bremen,53.12494,8.68673,Steel,2018,2750000.0,2750000.0,1430.0,2910.0,58200.0,Production and processing of metals,2(b)
https://registry.gdi-de.org/id/de.hb/de.hb.pf.bube-eureg.06-04-11/2005382/5/0,ArcelorMittal Bremen GmbH ,Germany,Bremen,53.12494,8.68673,Steel,2019,2310000.0,2310000.0,1460.0,2870.0,56200.0,Production and processing of metals,2(b)
https://registry.gdi-de.org/id/de.hb/de.hb.pf.bube-eureg.06-04-11/2005382/5/0,ArcelorMittal Bremen GmbH ,Germany,Bremen,53.12494,8.68673,Steel,2020,2470000.0,2470000.0,1530.0,2920.0,51300.0,Production and processing of metals,2(b)
https://registry.gdi-de.org/id/de.hb/de.hb.pf.bube-eureg.06-04-11/2005382/5/0,ArcelorMittal Bremen GmbH ,Germany,Bremen,53.12494,8.68673,Steel,2021,2360000.0,2360000.0,1770.0,3550.0,75500.0,Production and processing of metals,2(b)
https://registry.gdi-de.org/id/de.hb/de.hb.pf.bube-eureg.06-04-11/2005382/5/0,ArcelorMittal Bremen GmbH ,Germany,Bremen,53.12494,8.68673,Steel,2022,2160000.0,2160000.0,1670.0,3500.0,71900.0,Production and processing of metals,2(b)
https://registry.gdi-de.org/id/de.hb/de.hb.pf.bube-eureg.06-04-11/2005382/5/0,ArcelorMittal Bremen GmbH ,Germany,Bremen,53.12494,8.68673,Steel,2023,2337000.0,2336943.0,1698.0,3187.0,62577.0,Production and processing of metals,2(b)
https://registry.gdi-de.org/id/de.bb.inspire.pf.eureg/23024102,ArcelorMittal Eisenhüttenstadt GmbH ,Germany,Eisenhüttenstadt,52.16614,14.61768,Steel,2018,1800000.0,1800000.0,1340.0,1010.0,37400.0,Production and processing of metals,2(b)
https://registry.gdi-de.org/id/de.bb.inspire.pf.eureg/23024102,ArcelorMittal Eisenhüttenstadt GmbH ,Germany,Eisenhüttenstadt,52.16614,14.61768,Steel,2019,1800000.0,1800000.0,1310.0,1200.0,41300.0,Production and processing of metals,2(b)
https://registry.gdi-de.org/id/de.bb.inspire.pf.eureg/23024102,ArcelorMittal Eisenhüttenstadt GmbH ,Germany,Eisenhüttenstadt,52.16614,14.61768,Steel,2020,1800000.0,,1330.0,1110.0,41700.0,Production and processing of metals,2(b)
https://registry.gdi-de.org/id/de.bb.inspire.pf.eureg/23024102,ArcelorMittal Eisenhüttenstadt GmbH ,Germany,Eisenhüttenstadt,52.16614,14.61768,Steel,2021,2040000.0,,1380.0,925.0,40700.0,Production and processing of metals,2(b)
https://registry.gdi-de.org/id/de.bb.inspire.pf.eureg/23024102,ArcelorMittal Eisenhüttenstadt GmbH ,Germany,Eisenhüttenstadt,52.16614,14.61768,Steel,2022,1580000.0,,1290.0,853.0,36600.0,Production and processing of metals,2(b)
https://registry.gdi-de.org/id/de.bb.inspire.pf.eureg/23024102,ArcelorMittal Eisenhüttenstadt GmbH ,Germany,Eisenhüttenstadt,52.16614,14.61768,Steel,2023,1781000.0,,1346.0,1031.0,40636.0,Production and processing of metals,2(b)
https://registry.gdi-de.org/id/de.nw.inspire.pf.bube-eureg/arb-2017-112000-100-9973329,ArcelorMittal Hochfeld GmbH,Germany,Duisburg,51.4639,6.74522,Steel,2018,273000.0,,107.0,,,Production and processing of metals,2(b)
https://registry.gdi-de.org/id/de.nw.inspire.pf.bube-eureg/arb-2017-112000-100-9973329,ArcelorMittal Hochfeld GmbH,Germany,Duisburg,51.4639,6.74522,Steel,2019,226000.0,,,,,Production and processing of metals,2(b)
https://registry.gdi-de.org/id/de.nw.inspire.pf.bube-eureg/arb-2017-112000-100-9973329,ArcelorMittal Hochfeld GmbH,Germany,Duisburg,51.4639,6.74522,Steel,2020,231000.0,,,,1730.0,Production and processing of metals,2(b)
https://registry.gdi-de.org/id/de.nw.inspire.pf.bube-eureg/arb-2017-112000-100-9973329,ArcelorMittal Hochfeld GmbH,Germany,Duisburg,51.4639,6.74522,Steel,2021,254000.0,,,,2460.0,Production and processing of metals,2(b)
https://registry.gdi-de.org/id/de.nw.inspire.pf.bube-eureg/arb-2017-112000-100-9973329,ArcelorMittal Hochfeld GmbH,Germany,Duisburg,51.4639,6.74522,Steel,2022,214000.0,,,,2213.0,Production and processing of metals,2(b)
https://registry.gdi-de.org/id/de.nw.inspire.pf.bube-eureg/arb-2017-112000-100-9973329,ArcelorMittal Hochfeld GmbH,Germany,Duisburg,51.4639,6.74522,Steel,2023,231000.0,,,,762.0,Production and processing of metals,2(b)
https://registry.gdi-de.org/id/de.nw.inspire.pf.bube-eureg/arb-2017-112000-100-0388700,DK Recycling und Roheisen GmbH,Germany,Duisburg,51.42228,6.74199,Steel,2018,589000.0,589000.0,,741.0,,Production and processing of metals,2(b)
https://registry.gdi-de.org/id/de.nw.inspire.pf.bube-eureg/arb-2017-112000-100-0388700,DK Recycling und Roheisen GmbH,Germany,Duisburg,51.42228,6.74199,Steel,2019,568000.0,,,685.0,,Production and processing of metals,2(b)
https://registry.gdi-de.org/id/de.nw.inspire.pf.bube-eureg/arb-2017-112000-100-0388700,DK Recycling und Roheisen GmbH,Germany,Duisburg,51.42228,6.74199,Steel,2020,605000.0,,106.0,736.0,,Production and processing of metals,2(b)
https://registry.gdi-de.org/id/de.nw.inspire.pf.bube-eureg/arb-2017-112000-100-0388700,DK Recycling und Roheisen GmbH,Germany,Duisburg,51.42228,6.74199,Steel,2021,638000.0,,,732.0,,Production and processing of metals,2(b)
https://registry.gdi-de.org/id/de.nw.inspire.pf.bube-eureg/arb-2017-112000-100-0388700,DK Recycling und Roheisen GmbH,Germany,Duisburg,51.42228,6.74199,Steel,2022,476000.0,,,726.0,,Production and processing of metals,2(b)
https://registry.gdi-de.org/id/de.nw.inspire.pf.bube-eureg/arb-2017-112000-100-0388700,DK Recycling und Roheisen GmbH,Germany,Duisburg,51.42228,6.74199,Steel,2023,552000.0,,,731.0,,Production and processing of metals,2(b)
https://registry.gdi-de.org/id/de.ni.mu/10285005160,Georgsmarienhütte GmbH ,Germany,Georgsmarienhütte,52.20914,8.0495,Steel,2018,180000.0,,190.0,348.0,1150.0,Production and processing of metals,2(b)
https://registry.gdi-de.org/id/de.ni.mu/10285005160,Georgsmarienhütte GmbH ,Germany,Georgsmarienhütte,52.20914,8.0495,Steel,2019,158000.0,,162.0,291.0,958.0,Production and processing of metals,2(b)
https://registry.gdi-de.org/id/de.ni.mu/10285005160,Georgsmarienhütte GmbH ,Germany,Georgsmarienhütte,52.20914,8.0495,Steel,2020,147000.0,,132.0,269.0,1340.0,Production and processing of metals,2(b)
https://registry.gdi-de.org/id/de.ni.mu/10285005160,Georgsmarienhütte GmbH ,Germany,Georgsmarienhütte,52.20914,8.0495,Steel,2021,162000.0,,142.0,297.0,1490.0,Production and processing of metals,2(b)
https://registry.gdi-de.org/id/de.ni.mu/10285005160,Georgsmarienhütte GmbH ,Germany,Georgsmarienhütte,52.20914,8.0495,Steel,2022,164000.0,,140.0,282.0,1410.0,Production and processing of metals,2(b)
https://registry.gdi-de.org/id/de.ni.mu/10285005160,Georgsmarienhütte GmbH ,Germany,Georgsmarienhütte,52.20914,8.0495,Steel,2023,163000.0,,148.0,241.0,1524.0,Production and processing of metals,2(b)
https://registry.gdi-de.org/id/de.nw.inspire.pf.bube-eureg/arb-2017-112000-100-0077961,Hüttenwerke Krupp Mannesmann GmbH,Germany,Duisburg,51.36823,6.71227,Steel,2018,4980000.0,4980000.0,2860.0,5560.0,195000.0,Production and processing of metals,2(b)
https://registry.gdi-de.org/id/de.nw.inspire.pf.bube-eureg/arb-2017-112000-100-0077961,Hüttenwerke Krupp Mannesmann GmbH,Germany,Duisburg,51.36823,6.71227,Steel,2019,5180000.0,,3850.0,6270.0,200000.0,Production and processing of metals,2(b)
https://registry.gdi-de.org/id/de.nw.inspire.pf.bube-eureg/arb-2017-112000-100-0077961,Hüttenwerke Krupp Mannesmann GmbH,Germany,Duisburg,51.36823,6.71227,Steel,2020,4000000.0,,3140.0,5830.0,173000.0,Production and processing of metals,2(b)
https://registry.gdi-de.org/id/de.nw.inspire.pf.bube-eureg/arb-2017-112000-100-0077961,Hüttenwerke Krupp Mannesmann GmbH,Germany,Duisburg,51.36823,6.71227,Steel,2021,4980000.0,,3330.0,6600.0,217000.0,Production and processing of metals,2(b)
https://registry.gdi-de.org/id/de.nw.inspire.pf.bube-eureg/arb-2017-112000-100-0077961,Hüttenwerke Krupp Mannesmann GmbH,Germany,Duisburg,51.36823,6.71227,Steel,2022,4249000.0,,3410.0,6590.0,189437.0,Production and processing of metals,2(b)
https://registry.gdi-de.org/id/de.nw.inspire.pf.bube-eureg/arb-2017-112000-100-0077961,Hüttenwerke Krupp Mannesmann GmbH,Germany,Duisburg,51.36823,6.71227,Steel,2023,4404000.0,,3003.0,6469.0,184359.0,Production and processing of metals,2(b)
IT.CAED/741231004.FACILITY,STABILIMENTO DI TARANTO,Italy,TARANTO,40.5167,17.1999,Steel,2018,6069617.0,,3202.4,3508.4,73421.7,Production and processing of metals,2(b)
IT.CAED/741231004.FACILITY,STABILIMENTO DI TARANTO,Italy,TARANTO,40.5167,17.1999,Steel,2019,5898625.53,,4983.112,5338.64,92952.87,Production and processing of metals,2(b)
IT.CAED/741231004.FACILITY,STABILIMENTO DI TARANTO,Italy,TARANTO,40.5167,17.1999,Steel,2020,4834122.92,,4146.0,4762.68,70577.75,Production and processing of metals,2(b)
IT.CAED/741231004.FACILITY,STABILIMENTO DI TARANTO,Italy,TARANTO,40.5167,17.1999,Steel,2021,5246390.0,,4432.66,4474.33,82366.53,Production and processing of metals,2(b)
IT.CAED/741231004.FACILITY,STABILIMENTO DI TARANTO,Italy,TARANTO,40.5167,17.1999,Steel,2022,4703124.87,,3818.3,2966.58,73817.62,Production and processing of metals,2(b)
IT.CAED/741231004.FACILITY,STABILIMENTO DI TARANTO,Italy,TARANTO,40.5167,17.1999,Steel,2023,4351958.3,,3547.43,2124.97,63340.0,Production and processing of metals,2(b)
https://registry.gdi-de.org/id/de.ni.mu/01211092310,Salzgitter Flachstahl GmbH ,Germany,Salzgitter,52.15476,10.40308,Steel,2018,7940000.0,7940000.0,4160.0,4470.0,63500.0,Production and processing of metals,2(b)
https://registry.gdi-de.org/id/de.ni.mu/01211092310,Salzgitter Flachstahl GmbH ,Germany,Salzgitter,52.15476,10.40308,Steel,2019,7940000.0,7940000.0,4590.0,4360.0,64100.0,Production and processing of metals,2(b)
https://registry.gdi-de.org/id/de.ni.mu/01211092310,Salzgitter Flachstahl GmbH ,Germany,Salzgitter,52.15476,10.40308,Steel,2020,7140000.0,7140000.0,3120.0,3970.0,64000.0,Production and processing of metals,2(b)
https://registry.gdi-de.org/id/de.ni.mu/01211092310,Salzgitter Flachstahl GmbH ,Germany,Salzgitter,52.15476,10.40308,Steel,2021,7760000.0,7760000.0,3810.0,4700.0,68800.0,Production and processing of metals,2(b)
https://registry.gdi-de.org/id/de.ni.mu/01211092310,Salzgitter Flachstahl GmbH ,Germany,Salzgitter,52.15476,10.40308,Steel,2022,7560000.0,7560000.0,3930.0,5060.0,69700.0,Production and processing of metals,2(b)
https://registry.gdi-de.org/id/de.ni.mu/01211092310,Salzgitter Flachstahl GmbH ,Germany,Salzgitter,52.15476,10.40308,Steel,2023,6866000.0,,3348.0,5478.0,68490.0,Production and processing of metals,2(b)
NL.RIVM/000023301.FACILITY,Tata Steel IJmuiden BV,Netherlands,Velsen-Noord,52.47656,4.59217,Steel,2018,6590000.0,,5730.0,3120.0,52600.0,Production and processing of metals,2(b)
NL.RIVM/000023301.FACILITY,Tata Steel IJmuiden BV,Netherlands,Velsen-Noord,52.47656,4.59217,Steel,2019,6350000.0,,6030.0,3160.0,50400.0,Production and processing of metals,2(b)
NL.RIVM/000023301.FACILITY,Tata Steel IJmuiden BV,Netherlands,Velsen-Noord,52.47656,4.59217,Steel,2020,5790000.0,,5130.0,3030.0,46200.0,Production and processing of metals,2(b)
NL.RIVM/000023301.FACILITY,Tata Steel IJmuiden BV,Netherlands,Velsen-Noord,52.47656,4.59217,Steel,2021,5960000.0,,5350.0,2780.0,43600.0,Production and processing of metals,2(b)
NL.RIVM/000023301.FACILITY,Tata Steel IJmuiden BV,Netherlands,Velsen-Noord,52.47656,4.59217,Steel,2022,5820000.0,,4960.0,3000.0,52700.0,Production and processing of metals,2(b)
NL.RIVM/000023301.FACILITY,Tata Steel IJmuiden BV,Netherlands,Velsen-Noord,52.47656,4.59217,Steel,2023,4550000.0,,4270.0,2930.0,44900.0,Production and processing of metals,2(b)
https://data.gov.sk/set/data/so/b4d884b3-4442-43db-a19c-ceb6e127960f/SK57002803.NRZ.FACILITY,U.S.Steel s.r.o.,Slovakia,Košice - Šaca,48.617783,21.198325,Steel,2018,5970000.0,,4920.0,4680.0,102000.0,Production and processing of metals,2(b)
https://data.gov.sk/set/data/so/b4d884b3-4442-43db-a19c-ceb6e127960f/SK57002803.NRZ.FACILITY,U.S.Steel s.r.o.,Slovakia,Košice - Šaca,48.617783,21.198325,Steel,2019,5020000.0,,2980.0,3070.0,65700.0,Production and processing of metals,2(b)
https://data.gov.sk/set/data/so/b4d884b3-4442-43db-a19c-ceb6e127960f/SK57002803.NRZ.FACILITY,U.S.Steel s.r.o.,Slovakia,Košice - Šaca,48.617783,21.198325,Steel,2020,4390000.0,,3360.0,2570.0,67300.0,Production and processing of metals,2(b)
https://data.gov.sk/set/data/so/b4d884b3-4442-43db-a19c-ceb6e127960f/SK57002803.NRZ.FACILITY,U.S.Steel s.r.o.,Slovakia,Košice - Šaca,48.617783,21.198325,Steel,2021,5860000.0,,5530.0,3300.0,104000.0,Production and processing of metals,2(b)
https://data.gov.sk/set/data/so/b4d884b3-4442-43db-a19c-ceb6e127960f/SK57002803.NRZ.FACILITY,U.S.Steel s.r.o.,Slovakia,Košice - Šaca,48.617783,21.198325,Steel,2022,4890000.0,,4290.0,1740.0,81100.0,Production and processing of metals,2(b)
https://registry.gdi-de.org/id/de.nw.inspire.pf.bube-eureg/arb-2017-112000-100-0209707,thyssenkrupp Steel Europe AG Werk Beeckerwerth,Germany,Duisburg,51.48409,6.70664,Steel,2018,926000.0,,864.0,206.0,7030.0,Production and processing of metals,2(b)
https://registry.gdi-de.org/id/de.nw.inspire.pf.bube-eureg/arb-2017-112000-100-0209707,thyssenkrupp Steel Europe AG Werk Beeckerwerth,Germany,Duisburg,51.48409,6.70664,Steel,2019,852000.0,,800.0,180.0,6890.0,Production and processing of metals,2(b)
https://registry.gdi-de.org/id/de.nw.inspire.pf.bube-eureg/arb-2017-112000-100-0209707,thyssenkrupp Steel Europe AG Werk Beeckerwerth,Germany,Duisburg,51.48409,6.70664,Steel,2020,725000.0,,686.0,,6000.0,Production and processing of metals,2(b)
https://registry.gdi-de.org/id/de.nw.inspire.pf.bube-eureg/arb-2017-112000-100-0209707,thyssenkrupp Steel Europe AG Werk Beeckerwerth,Germany,Duisburg,51.48409,6.70664,Steel,2021,806000.0,,806.0,219.0,6320.0,Production and processing of metals,2(b)
https://registry.gdi-de.org/id/de.nw.inspire.pf.bube-eureg/arb-2017-112000-100-0209707,thyssenkrupp Steel Europe AG Werk Beeckerwerth,Germany,Duisburg,51.48409,6.70664,Steel,2022,758000.0,,735.0,198.0,6000.0,Production and processing of metals,2(b)
https://registry.gdi-de.org/id/de.nw.inspire.pf.bube-eureg/arb-2017-112000-100-0209707,thyssenkrupp Steel Europe AG Werk Beeckerwerth,Germany,Duisburg,51.48409,6.70664,Steel,2023,771000.0,,701.0,260.0,6732.0,Production and processing of metals,2(b)
https://registry.gdi-de.org/id/de.nw.inspire.pf.bube-eureg/arb-2017-112000-100-0209697,thyssenkrupp Steel Europe AG Werk Bruckhausen,Germany,Duisburg,51.49409,6.73795,Steel,2018,502000.0,,516.0,293.0,3760.0,Production and processing of metals,2(b)
https://registry.gdi-de.org/id/de.nw.inspire.pf.bube-eureg/arb-2017-112000-100-0209697,thyssenkrupp Steel Europe AG Werk Bruckhausen,Germany,Duisburg,51.49409,6.73795,Steel,2019,517000.0,,548.0,259.0,3690.0,Production and processing of metals,2(b)
https://registry.gdi-de.org/id/de.nw.inspire.pf.bube-eureg/arb-2017-112000-100-0209697,thyssenkrupp Steel Europe AG Werk Bruckhausen,Germany,Duisburg,51.49409,6.73795,Steel,2020,480000.0,,515.0,280.0,3220.0,Production and processing of metals,2(b)
https://registry.gdi-de.org/id/de.nw.inspire.pf.bube-eureg/arb-2017-112000-100-0209697,thyssenkrupp Steel Europe AG Werk Bruckhausen,Germany,Duisburg,51.49409,6.73795,Steel,2021,512000.0,,558.0,294.0,3440.0,Production and processing of metals,2(b)
https://registry.gdi-de.org/id/de.nw.inspire.pf.bube-eureg/arb-2017-112000-100-0209697,thyssenkrupp Steel Europe AG Werk Bruckhausen,Germany,Duisburg,51.49409,6.73795,Steel,2022,517000.0,,547.0,280.0,3257.0,Production and processing of metals,2(b)
https://registry.gdi-de.org/id/de.nw.inspire.pf.bube-eureg/arb-2017-112000-100-0209697,thyssenkrupp Steel Europe AG Werk Bruckhausen,Germany,Duisburg,51.49409,6.73795,Steel,2023,486000.0,,546.0,259.0,3125.0,Production and processing of metals,2(b)
https://registry.gdi-de.org/id/de.nw.inspire.pf.bube-eureg/arb-2017-112000-100-0215455,thyssenkrupp Steel Europe AG Werk Hamborn,Germany,Duisburg,51.48466,6.73172,Steel,2018,1300000.0,,119.0,153.0,4530.0,Production and processing of metals,2(b)
https://registry.gdi-de.org/id/de.nw.inspire.pf.bube-eureg/arb-2017-112000-100-0215455,thyssenkrupp Steel Europe AG Werk Hamborn,Germany,Duisburg,51.48466,6.73172,Steel,2019,1270000.0,,155.0,,4690.0,Production and processing of metals,2(b)
https://registry.gdi-de.org/id/de.nw.inspire.pf.bube-eureg/arb-2017-112000-100-0215455,thyssenkrupp Steel Europe AG Werk Hamborn,Germany,Duisburg,51.48466,6.73172,Steel,2020,1210000.0,,149.0,,4770.0,Production and processing of metals,2(b)
https://registry.gdi-de.org/id/de.nw.inspire.pf.bube-eureg/arb-2017-112000-100-0215455,thyssenkrupp Steel Europe AG Werk Hamborn,Germany,Duisburg,51.48466,6.73172,Steel,2021,1360000.0,,176.0,166.0,5270.0,Production and processing of metals,2(b)
https://registry.gdi-de.org/id/de.nw.inspire.pf.bube-eureg/arb-2017-112000-100-0215455,thyssenkrupp Steel Europe AG Werk Hamborn,Germany,Duisburg,51.48466,6.73172,Steel,2022,1257000.0,,173.0,,4966.0,Production and processing of metals,2(b)
https://registry.gdi-de.org/id/de.nw.inspire.pf.bube-eureg/arb-2017-112000-100-0215455,thyssenkrupp Steel Europe AG Werk Hamborn,Germany,Duisburg,51.48466,6.73172,Steel,2023,1220000.0,,170.0,,4897.0,Production and processing of metals,2(b)
AT.CAED/9008390731697.FACILITY,voestalpine Stahl GmbH,Austria,Linz,48.284,14.34,Steel,2018,7750000.0,,2290.0,3140.0,64400.0,Production and processing of metals,2(b)
AT.CAED/9008390731697.FACILITY,voestalpine Stahl GmbH,Austria,Linz,48.284,14.34,Steel,2019,8760000.0,,2480.0,3470.0,77700.0,Production and processing of metals,2(b)
AT.CAED/9008390731697.FACILITY,voestalpine Stahl GmbH,Austria,Linz,48.284,14.34,Steel,2020,8500000.0,,2420.0,3440.0,81900.0,Production and processing of metals,2(b)
AT.CAED/9008390731697.FACILITY,voestalpine Stahl GmbH,Austria,Linz,48.284,14.34,Steel,2021,9340000.0,,2440.0,3520.0,83300.0,Production and processing of metals,2(b)
AT.CAED/9008390731697.FACILITY,voestalpine Stahl GmbH,Austria,Linz,48.284,14.34,Steel,2022,8810000.0,,2300.0,3610.0,86900.0,Production and processing of metals,2(b)
AT.CAED/9008390731697.FACILITY,voestalpine Stahl GmbH,Austria,Linz,48.284,14.34,Steel,2023,8610000.0,,2440.0,3690.0,80900.0,Production and processing of metals,2(b)
