countryName,reportingYear,EPRTR_SectorName,EPRTRAnnexIMainActivity,FacilityInspireId,facilityName,city,Longitude,Latitude,Pollutant,Releases,co2_tonnes,sector
Denmark,2018,Mineral industry,3(c)(i),DK.CAED/000105786.FACILITY,Aalborg Portland A/S,Aalborg Øst,9.972783690408685,57.0632413325794,Carbon dioxide (CO2),2190706000.0,2190706.0,Cement
Denmark,2019,Mineral industry,3(c)(i),DK.CAED/000105786.FACILITY,Aalborg Portland A/S,Aalborg Øst,9.972783690408685,57.0632413325794,Carbon dioxide (CO2),2189152000.0,2189152.0,Cement
Denmark,2020,Mineral industry,3(c)(i),DK.CAED/000105786.FACILITY,Aalborg Portland A/S,Aalborg Øst,9.972783690408685,57.0632413325794,Carbon dioxide (CO2),2339867000.0,2339867.0,Cement
Denmark,2021,Mineral industry,3(c)(i),DK.CAED/000105786.FACILITY,Aalborg Portland A/S,Aalborg Øst,9.972783690408685,57.0632413325794,Carbon dioxide (CO2),2248048000.0,2248048.0,Cement
Denmark,2022,Mineral industry,3(c)(i),DK.CAED/000105786.FACILITY,Aalborg Portland A/S,Aalborg Øst,9.972783690408685,57.0632413325794,Carbon dioxide (CO2),1979482000.0,1979482.0,Cement
Denmark,2023,Mineral industry,3(c)(i),DK.CAED/000105786.FACILITY,Aalborg Portland A/S,Aalborg Øst,9.972783690408685,57.0632413325794,Carbon dioxide (CO2),1704341000.0,1704341.0,Cement
Germany,2018,Mineral industry,3(c)(i),https://registry.gdi-de.org/id/de.bb.inspire.pf.eureg/23020947,CEMEX Zement GmbH,Rüdersdorf bei Berlin,13.83693,52.48907,Carbon dioxide (CO2),1400000000.0,1400000.0,Cement
Germany,2019,Mineral industry,3(c)(i),https://registry.gdi-de.org/id/de.bb.inspire.pf.eureg/23020947,CEMEX Zement GmbH,Rüdersdorf bei Berlin,13.83693,52.48907,Carbon dioxide (CO2),1470000000.0,1470000.0,Cement
Germany,2020,Mineral industry,3(c)(i),https://registry.gdi-de.org/id/de.bb.inspire.pf.eureg/23020947,CEMEX Zement GmbH,Rüdersdorf bei Berlin,13.83693,52.48907,Carbon dioxide (CO2),1480000000.0,1480000.0,Cement
Germany,2021,Mineral industry,3(c)(i),https://registry.gdi-de.org/id/de.bb.inspire.pf.eureg/23020947,CEMEX Zement GmbH,Rüdersdorf bei Berlin,13.83693,52.48907,Carbon dioxide (CO2),1490000000.0,1490000.0,Cement
Germany,2022,Mineral industry,3(c)(i),https://registry.gdi-de.org/id/de.bb.inspire.pf.eureg/23020947,CEMEX Zement GmbH,Rüdersdorf bei Berlin,13.83693,52.48907,Carbon dioxide (CO2),1380000000.0,1380000.0,Cement
Germany,2023,Mineral industry,3(c)(i),https://registry.gdi-de.org/id/de.bb.inspire.pf.eureg/23020947,CEMEX Zement GmbH,Rüdersdorf bei Berlin,13.83693,52.48907,Carbon dioxide (CO2),1059000000.0,1059000.0,Cement
Germany,2018,Mineral industry,3(c)(i),https://registry.gdi-de.org/id/de.nw.inspire.pf.bube-eureg/arb-2017-566040-500-0106867,Dyckerhoff GmbH,Lengerich,7.88783,52.17499,Carbon dioxide (CO2),1020000000.0,1020000.0,Cement
Germany,2018,Mineral industry,3(c)(i),https://registry.gdi-de.org/id/de.rp.inspire.pf.bube-eureg/5000164,Dyckerhoff GmbH,Göllheim,8.03701,49.60203,Carbon dioxide (CO2),675000000.0,675000.0,Cement
Germany,2019,Mineral industry,3(c)(i),https://registry.gdi-de.org/id/de.nw.inspire.pf.bube-eureg/arb-2017-566040-500-0106867,Dyckerhoff GmbH,Lengerich,7.88783,52.17499,Carbon dioxide (CO2),1150000000.0,1150000.0,Cement
Germany,2019,Mineral industry,3(c)(i),https://registry.gdi-de.org/id/de.rp.inspire.pf.bube-eureg/5000164,Dyckerhoff GmbH,Göllheim,8.03701,49.60203,Carbon dioxide (CO2),744000000.0,744000.0,Cement
Germany,2020,Mineral industry,3(c)(i),https://registry.gdi-de.org/id/de.nw.inspire.pf.bube-eureg/arb-2017-566040-500-0106867,Dyckerhoff GmbH,Lengerich,7.88783,52.17499,Carbon dioxide (CO2),1140000000.0,1140000.0,Cement
Germany,2020,Mineral industry,3(c)(i),https://registry.gdi-de.org/id/de.rp.inspire.pf.bube-eureg/5000164,Dyckerhoff GmbH,Göllheim,8.03701,49.60203,Carbon dioxide (CO2),757000000.0,757000.0,Cement
Germany,2021,Mineral industry,3(c)(i),https://registry.gdi-de.org/id/de.rp.inspire.pf.bube-eureg/5000164,Dyckerhoff GmbH,Göllheim,8.03701,49.60203,Carbon dioxide (CO2),808000000.0,808000.0,Cement
Germany,2021,Mineral industry,3(c)(i),https://registry.gdi-de.org/id/de.nw.inspire.pf.bube-eureg/arb-2017-566040-500-0106867,Dyckerhoff GmbH,Lengerich,7.88783,52.17499,Carbon dioxide (CO2),1140000000.0,1140000.0,Cement
Germany,2022,Mineral industry,3(c)(i),https://registry.gdi-de.org/id/de.nw.inspire.pf.bube-eureg/arb-2017-566040-500-0106867,Dyckerhoff GmbH,Lengerich,7.88783,52.17499,Carbon dioxide (CO2),1105000000.0,1105000.0,Cement
Germany,2022,Mineral industry,3(c)(i),https://registry.gdi-de.org/id/de.rp.inspire.pf.bube-eureg/5000164,Dyckerhoff GmbH,Göllheim,8.03701,49.60203,Carbon dioxide (CO2),774000000.0,774000.0,Cement
Germany,2023,Mineral industry,3(c)(i),https://registry.gdi-de.org/id/de.rp.inspire.pf.bube-eureg/5000164,Dyckerhoff GmbH,Göllheim,8.03701,49.60203,Carbon dioxide (CO2),774000000.0,774000.0,Cement
Germany,2023,Mineral industry,3(c)(i),https://registry.gdi-de.org/id/de.nw.inspire.pf.bube-eureg/arb-2017-566040-500-0106867,Dyckerhoff GmbH,Lengerich,7.88783,52.17499,Carbon dioxide (CO2),858000000.0,858000.0,Cement
Germany,2018,Mineral industry,3(c)(i),https://registry.gdi-de.org/id/de.th/5bf25e39-19d5-4254-adac-63f1b1cec499/77012792,"Dyckerhoff GmbH, Werk Deuna ",Niederorschel,10.48357,51.36276,Carbon dioxide (CO2),1010000000.0,1010000.0,Cement
Germany,2019,Mineral industry,3(c)(i),https://registry.gdi-de.org/id/de.th/5bf25e39-19d5-4254-adac-63f1b1cec499/77012792,"Dyckerhoff GmbH, Werk Deuna ",Niederorschel,10.48357,51.36276,Carbon dioxide (CO2),1140000000.0,1140000.0,Cement
Germany,2020,Mineral industry,3(c)(i),https://registry.gdi-de.org/id/de.th/5bf25e39-19d5-4254-adac-63f1b1cec499/77012792,"Dyckerhoff GmbH, Werk Deuna ",Niederorschel,10.48357,51.36276,Carbon dioxide (CO2),1200000000.0,1200000.0,Cement
Germany,2021,Mineral industry,3(c)(i),https://registry.gdi-de.org/id/de.th/5bf25e39-19d5-4254-adac-63f1b1cec499/77012792,"Dyckerhoff GmbH, Werk Deuna ",Niederorschel,10.48357,51.36276,Carbon dioxide (CO2),1180000000.0,1180000.0,Cement
Germany,2022,Mineral industry,3(c)(i),https://registry.gdi-de.org/id/de.th/5bf25e39-19d5-4254-adac-63f1b1cec499/77012792,"Dyckerhoff GmbH, Werk Deuna ",Niederorschel,10.48357,51.36276,Carbon dioxide (CO2),1140000000.0,1140000.0,Cement
Germany,2023,Mineral industry,3(c)(i),https://registry.gdi-de.org/id/de.th/5bf25e39-19d5-4254-adac-63f1b1cec499/77012792,"Dyckerhoff GmbH, Werk Deuna ",Niederorschel,10.48357,51.36276,Carbon dioxide (CO2),929000000.0,929000.0,Cement
Poland,2018,Mineral industry,3(c),PL.MŚ/000000053.FACILITY,Grupa Ożarów S.A.,Karsy,21.6765041351318,50.9304275512695,Carbon dioxide (CO2),2180000000.0,2180000.0,Cement
Poland,2019,Mineral industry,3(c),PL.MŚ/000000053.FACILITY,Grupa Ożarów S.A.,Karsy,21.6765041351318,50.9304275512695,Carbon dioxide (CO2),2200000000.0,2200000.0,Cement
Poland,2020,Mineral industry,3(c),PL.MŚ/000000053.FACILITY,Grupa Ożarów S.A.,Karsy,21.6765041351318,50.9304275512695,Carbon dioxide (CO2),2190000000.0,2190000.0,Cement
Poland,2021,Mineral industry,3(c),PL.MŚ/000000053.FACILITY,Grupa Ożarów S.A.,Karsy,21.6765041351318,50.9304275512695,Carbon dioxide (CO2),2120000000.0,2120000.0,Cement
Poland,2022,Mineral industry,3(c),PL.MŚ/000000053.FACILITY,Grupa Ożarów S.A.,Karsy,21.6765041351318,50.9304275512695,Carbon dioxide (CO2),2200000000.0,2200000.0,Cement
Poland,2023,Mineral industry,3(c),PL.MŚ/000000053.FACILITY,Grupa Ożarów S.A.,Karsy,21.6765041351318,50.9304275512695,Carbon dioxide (CO2),1790000000.0,1790000.0,Cement
Poland,2018,Mineral industry,3(c),PL.MŚ/000000104.FACILITY,Górażdże Cement S.A. - Cementowia Górażdże,Chorula,17.9777222222222,50.5348055555556,Carbon dioxide (CO2),2950000000.0,2950000.0,Cement
Poland,2019,Mineral industry,3(c),PL.MŚ/000000104.FACILITY,Górażdże Cement S.A. - Cementowia Górażdże,Chorula,17.9777222222222,50.5348055555556,Carbon dioxide (CO2),2880000000.0,2880000.0,Cement
Poland,2021,Mineral industry,3(c),PL.MŚ/000000104.FACILITY,Górażdże Cement S.A. - Cementowia Górażdże,Chorula,17.9777222222222,50.5348055555556,Carbon dioxide (CO2),2920000000.0,2920000.0,Cement
Poland,2022,Mineral industry,3(c),PL.MŚ/000000104.FACILITY,Górażdże Cement S.A. - Cementowia Górażdże,Chorula,17.9777222222222,50.5348055555556,Carbon dioxide (CO2),2950000000.0,2950000.0,Cement
Poland,2023,Mineral industry,3(c),PL.MŚ/000000104.FACILITY,Górażdże Cement S.A. - Cementowia Górażdże,Chorula,17.9777222222222,50.5348055555556,Carbon dioxide (CO2),2850000000.0,2850000.0,Cement
Greece,2018,Mineral industry,3(c)(i),EL.CAED/100078.FACILITY,"HERACLES G.C.Co, MILAKI PLANT",ALIVERI,24.06393,38.37488,Carbon dioxide (CO2),8830000000.0,8830000.0,Cement
Greece,2019,Mineral industry,3(c)(i),EL.CAED/100078.FACILITY,"HERACLES G.C.Co, MILAKI PLANT",ALIVERI,24.06393,38.37488,Carbon dioxide (CO2),852000000.0,852000.0,Cement
Greece,2020,Mineral industry,3(c)(i),EL.CAED/100078.FACILITY,"HERACLES G.C.Co, MILAKI PLANT",ALIVERI,24.06393,38.37488,Carbon dioxide (CO2),858000000.0,858000.0,Cement
Greece,2021,Mineral industry,3(c)(i),EL.CAED/100078.FACILITY,"HERACLES G.C.Co, MILAKI PLANT",ALIVERI,24.06393,38.37488,Carbon dioxide (CO2),809000000.0,809000.0,Cement
Greece,2022,Mineral industry,3(c)(i),EL.CAED/100078.FACILITY,"HERACLES G.C.Co, MILAKI PLANT",ALIVERI,24.06393,38.37488,Carbon dioxide (CO2),819000000.0,819000.0,Cement
Greece,2023,Mineral industry,3(c)(i),EL.CAED/100078.FACILITY,"HERACLES G.C.Co, MILAKI PLANT",ALIVERI,24.06393,38.37488,Carbon dioxide (CO2),829000000.0,829000.0,Cement
Germany,2018,Mineral industry,3(c)(i),https://registry.gdi-de.org/id/de.by.inspire.pf.ied/S00600,"Heidelberg Materials AG, Zementwerk Burglengenfeld",Burglengenfeld,12.028282784446738,49.21282917234831,Carbon dioxide (CO2),751000000.0,751000.0,Cement
Germany,2019,Mineral industry,3(c)(i),https://registry.gdi-de.org/id/de.by.inspire.pf.ied/S00600,"Heidelberg Materials AG, Zementwerk Burglengenfeld",Burglengenfeld,12.028282784446738,49.21282917234831,Carbon dioxide (CO2),965000000.0,965000.0,Cement
Germany,2020,Mineral industry,3(c)(i),https://registry.gdi-de.org/id/de.by.inspire.pf.ied/S00600,"Heidelberg Materials AG, Zementwerk Burglengenfeld",Burglengenfeld,12.028282784446738,49.21282917234831,Carbon dioxide (CO2),865000000.0,865000.0,Cement
Germany,2021,Mineral industry,3(c)(i),https://registry.gdi-de.org/id/de.by.inspire.pf.ied/S00600,"Heidelberg Materials AG, Zementwerk Burglengenfeld",Burglengenfeld,12.028282784446738,49.21282917234831,Carbon dioxide (CO2),1110000000.0,1110000.0,Cement
Germany,2022,Mineral industry,3(c)(i),https://registry.gdi-de.org/id/de.by.inspire.pf.ied/S00600,"Heidelberg Materials AG, Zementwerk Burglengenfeld",Burglengenfeld,12.028282784446738,49.21282917234831,Carbon dioxide (CO2),940000000.0,940000.0,Cement
Germany,2023,Mineral industry,3(c)(i),https://registry.gdi-de.org/id/de.by.inspire.pf.ied/S00600,"Heidelberg Materials AG, Zementwerk Burglengenfeld",Burglengenfeld,12.028282784446738,49.21282917234831,Carbon dioxide (CO2),736000000.0,736000.0,Cement
Germany,2018,Mineral industry,3(c)(i),https://registry.gdi-de.org/id/de.by.inspire.pf.ied/S00935,"Heidelberg Materials AG, Zementwerk Lengfurt",Triefenstein,9.617891164731216,49.80845200690917,Carbon dioxide (CO2),792000000.0,792000.0,Cement
Germany,2019,Mineral industry,3(c)(i),https://registry.gdi-de.org/id/de.by.inspire.pf.ied/S00935,"Heidelberg Materials AG, Zementwerk Lengfurt",Triefenstein,9.617891164731216,49.80845200690917,Carbon dioxide (CO2),805000000.0,805000.0,Cement
Germany,2020,Mineral industry,3(c)(i),https://registry.gdi-de.org/id/de.by.inspire.pf.ied/S00935,"Heidelberg Materials AG, Zementwerk Lengfurt",Triefenstein,9.617891164731216,49.80845200690917,Carbon dioxide (CO2),814000000.0,814000.0,Cement
Germany,2021,Mineral industry,3(c)(i),https://registry.gdi-de.org/id/de.by.inspire.pf.ied/S00935,"Heidelberg Materials AG, Zementwerk Lengfurt",Triefenstein,9.617891164731216,49.80845200690917,Carbon dioxide (CO2),754000000.0,754000.0,Cement
Germany,2022,Mineral industry,3(c)(i),https://registry.gdi-de.org/id/de.by.inspire.pf.ied/S00935,"Heidelberg Materials AG, Zementwerk Lengfurt",Triefenstein,9.617891164731216,49.80845200690917,Carbon dioxide (CO2),734000000.0,734000.0,Cement
Germany,2023,Mineral industry,3(c)(i),https://registry.gdi-de.org/id/de.by.inspire.pf.ied/S00935,"Heidelberg Materials AG, Zementwerk Lengfurt",Triefenstein,9.617891164731216,49.80845200690917,Carbon dioxide (CO2),685000000.0,685000.0,Cement
Sweden,2018,Mineral industry,3(c),SE.CAED/10016795.Facility,"Heidelberg Materials Cement Sverige AB, Slitefabriken",SLITE,18.80539,57.71172,Carbon dioxide (CO2),1740000000.0,1740000.0,Cement
Sweden,2019,Mineral industry,3(c),SE.CAED/10016795.Facility,"Heidelberg Materials Cement Sverige AB, Slitefabriken",SLITE,18.80539,57.71172,Carbon dioxide (CO2),1540000000.0,1540000.0,Cement
Sweden,2020,Mineral industry,3(c),SE.CAED/10016795.Facility,"Heidelberg Materials Cement Sverige AB, Slitefabriken",SLITE,18.80539,57.71172,Carbon dioxide (CO2),1620000000.0,1620000.0,Cement
Sweden,2021,Mineral industry,3(c),SE.CAED/10016795.Facility,"Heidelberg Materials Cement Sverige AB, Slitefabriken",SLITE,18.80539,57.71172,Carbon dioxide (CO2),1620000000.0,1620000.0,Cement
Sweden,2022,Mineral industry,3(c),SE.CAED/10016795.Facility,"Heidelberg Materials Cement Sverige AB, Slitefabriken",SLITE,18.80539,57.71172,Carbon dioxide (CO2),1510000000.0,1510000.0,Cement
Sweden,2023,Mineral industry,3(c),SE.CAED/10016795.Facility,"Heidelberg Materials Cement Sverige AB, Slitefabriken",SLITE,18.80539,57.71172,Carbon dioxide (CO2),1511971000.0,1511971.0,Cement
Germany,2018,Mineral industry,3(c),https://registry.gdi-de.org/id/de.bw.lubw.inspire.pf/pf-450-4664299-00000000,HeidelbergCement ,Schelklingen,9.73471,48.36859,Carbon dioxide (CO2),828000000.0,828000.0,Cement
Germany,2019,Mineral industry,3(c),https://registry.gdi-de.org/id/de.bw.lubw.inspire.pf/pf-450-4664299-00000000,HeidelbergCement ,Schelklingen,9.73471,48.36859,Carbon dioxide (CO2),625000000.0,625000.0,Cement
Germany,2020,Mineral industry,3(c),https://registry.gdi-de.org/id/de.bw.lubw.inspire.pf/pf-450-4664299-00000000,HeidelbergCement ,Schelklingen,9.73471,48.36859,Carbon dioxide (CO2),874000000.0,874000.0,Cement
Germany,2021,Mineral industry,3(c),https://registry.gdi-de.org/id/de.bw.lubw.inspire.pf/pf-450-4664299-00000000,HeidelbergCement ,Schelklingen,9.73471,48.36859,Carbon dioxide (CO2),919000000.0,919000.0,Cement
Germany,2022,Mineral industry,3(c),https://registry.gdi-de.org/id/de.bw.lubw.inspire.pf/pf-450-4664299-00000000,HeidelbergCement ,Schelklingen,9.73471,48.36859,Carbon dioxide (CO2),768000000.0,768000.0,Cement
Germany,2018,Mineral industry,3(c)(i),https://registry.gdi-de.org/id/de.sh/10038078,Holcim (Deutschland) GmbH ,Lägerdorf,9.57999,53.87707,Carbon dioxide (CO2),1060000000.0,1060000.0,Cement
Germany,2019,Mineral industry,3(c)(i),https://registry.gdi-de.org/id/de.sh/10038078,Holcim (Deutschland) GmbH ,Lägerdorf,9.57999,53.87707,Carbon dioxide (CO2),1080000000.0,1080000.0,Cement
Germany,2020,Mineral industry,3(c)(i),https://registry.gdi-de.org/id/de.sh/10038078,Holcim (Deutschland) GmbH ,Lägerdorf,9.57999,53.87707,Carbon dioxide (CO2),1070000000.0,1070000.0,Cement
Germany,2021,Mineral industry,3(c)(i),https://registry.gdi-de.org/id/de.sh/10038078,Holcim (Deutschland) GmbH ,Lägerdorf,9.57999,53.87707,Carbon dioxide (CO2),1050000000.0,1050000.0,Cement
Germany,2022,Mineral industry,3(c)(i),https://registry.gdi-de.org/id/de.sh/10038078,Holcim (Deutschland) GmbH ,Lägerdorf,9.57999,53.87707,Carbon dioxide (CO2),962000000.0,962000.0,Cement
Germany,2023,Mineral industry,3(c)(i),https://registry.gdi-de.org/id/de.sh/10038078,Holcim (Deutschland) GmbH ,Lägerdorf,9.57999,53.87707,Carbon dioxide (CO2),982000000.0,982000.0,Cement
Germany,2018,Mineral industry,3(c),https://registry.gdi-de.org/id/de.bw.lubw.inspire.pf/pf-450-4650956-00000000,Schwenk Zement ,Allmendingen,9.7305,48.33197,Carbon dioxide (CO2),754000000.0,754000.0,Cement
Germany,2019,Mineral industry,3(c),https://registry.gdi-de.org/id/de.bw.lubw.inspire.pf/pf-450-4650956-00000000,Schwenk Zement ,Allmendingen,9.7305,48.33197,Carbon dioxide (CO2),806000000.0,806000.0,Cement
Germany,2020,Mineral industry,3(c),https://registry.gdi-de.org/id/de.bw.lubw.inspire.pf/pf-450-4650956-00000000,Schwenk Zement ,Allmendingen,9.7305,48.33197,Carbon dioxide (CO2),838000000.0,838000.0,Cement
Germany,2021,Mineral industry,3(c),https://registry.gdi-de.org/id/de.bw.lubw.inspire.pf/pf-450-4650956-00000000,Schwenk Zement ,Allmendingen,9.7305,48.33197,Carbon dioxide (CO2),852000000.0,852000.0,Cement
Germany,2022,Mineral industry,3(c),https://registry.gdi-de.org/id/de.bw.lubw.inspire.pf/pf-450-4650956-00000000,Schwenk Zement ,Allmendingen,9.7305,48.33197,Carbon dioxide (CO2),822000000.0,822000.0,Cement
Germany,2023,Mineral industry,3(c),https://registry.gdi-de.org/id/de.bw.lubw.inspire.pf/pf-450-4650956-00000000,Schwenk Zement ,Allmendingen,9.7305,48.33197,Carbon dioxide (CO2),744000000.0,744000.0,Cement
Germany,2018,Mineral industry,3(c)(i),https://registry.gdi-de.org/id/de.by.inspire.pf.ied/S00242,Zementwerk Rohrdorf,Rohrdorf,12.181625734464664,47.79082077827796,Carbon dioxide (CO2),856000000.0,856000.0,Cement
Germany,2019,Mineral industry,3(c)(i),https://registry.gdi-de.org/id/de.by.inspire.pf.ied/S00242,Zementwerk Rohrdorf,Rohrdorf,12.181625734464664,47.79082077827796,Carbon dioxide (CO2),876000000.0,876000.0,Cement
Germany,2020,Mineral industry,3(c)(i),https://registry.gdi-de.org/id/de.by.inspire.pf.ied/S00242,Zementwerk Rohrdorf,Rohrdorf,12.181625734464664,47.79082077827796,Carbon dioxide (CO2),873000000.0,873000.0,Cement
Germany,2021,Mineral industry,3(c)(i),https://registry.gdi-de.org/id/de.by.inspire.pf.ied/S00242,Zementwerk Rohrdorf,Rohrdorf,12.181625734464664,47.79082077827796,Carbon dioxide (CO2),805000000.0,805000.0,Cement
Germany,2022,Mineral industry,3(c)(i),https://registry.gdi-de.org/id/de.by.inspire.pf.ied/S00242,Zementwerk Rohrdorf,Rohrdorf,12.181625734464664,47.79082077827796,Carbon dioxide (CO2),707000000.0,707000.0,Cement
Germany,2023,Mineral industry,3(c)(i),https://registry.gdi-de.org/id/de.by.inspire.pf.ied/S00242,Zementwerk Rohrdorf,Rohrdorf,12.181625734464664,47.79082077827796,Carbon dioxide (CO2),652000000.0,652000.0,Cement
France,2018,Production and processing of metals,2(b),FR.CAED/7656.FACILITY,ARCELORMITTAL MEDITERRANEE,FOS SUR MER,4.93663,43.46551,Carbon dioxide (CO2),7460000000.0,7460000.0,Steel
France,2019,Production and processing of metals,2(b),FR.CAED/7656.FACILITY,ARCELORMITTAL MEDITERRANEE,FOS SUR MER,4.93663,43.46551,Carbon dioxide (CO2),7658999808.0,7658999.808,Steel
France,2020,Production and processing of metals,2(b),FR.CAED/7656.FACILITY,ARCELORMITTAL MEDITERRANEE,FOS SUR MER,4.93663,43.46551,Carbon dioxide (CO2),5802999808.0,5802999.808,Steel
France,2021,Production and processing of metals,2(b),FR.CAED/7656.FACILITY,ARCELORMITTAL MEDITERRANEE,FOS SUR MER,4.93663,43.46551,Carbon dioxide (CO2),6910000128.0,6910000.128,Steel
France,2022,Production and processing of metals,2(b),FR.CAED/7656.FACILITY,ARCELORMITTAL MEDITERRANEE,FOS SUR MER,4.93663,43.46551,Carbon dioxide (CO2),6447000064.0,6447000.064,Steel
France,2023,Production and processing of metals,2(b),FR.CAED/7656.FACILITY,ARCELORMITTAL MEDITERRANEE,FOS SUR MER,4.93663,43.46551,Carbon dioxide (CO2),5330999808.0,5330999.808,Steel
Germany,2018,Production and processing of metals,2(b),https://registry.gdi-de.org/id/de.hb/de.hb.pf.bube-eureg.06-04-11/2005382/5/0,ArcelorMittal Bremen GmbH ,Bremen,8.68673,53.12494,Carbon dioxide (CO2),2750000000.0,2750000.0,Steel
Germany,2019,Production and processing of metals,2(b),https://registry.gdi-de.org/id/de.hb/de.hb.pf.bube-eureg.06-04-11/2005382/5/0,ArcelorMittal Bremen GmbH ,Bremen,8.68673,53.12494,Carbon dioxide (CO2),2310000000.0,2310000.0,Steel
Germany,2020,Production and processing of metals,2(b),https://registry.gdi-de.org/id/de.hb/de.hb.pf.bube-eureg.06-04-11/2005382/5/0,ArcelorMittal Bremen GmbH ,Bremen,8.68673,53.12494,Carbon dioxide (CO2),2470000000.0,2470000.0,Steel
Germany,2021,Production and processing of metals,2(b),https://registry.gdi-de.org/id/de.hb/de.hb.pf.bube-eureg.06-04-11/2005382/5/0,ArcelorMittal Bremen GmbH ,Bremen,8.68673,53.12494,Carbon dioxide (CO2),2360000000.0,2360000.0,Steel
Germany,2022,Production and processing of metals,2(b),https://registry.gdi-de.org/id/de.hb/de.hb.pf.bube-eureg.06-04-11/2005382/5/0,ArcelorMittal Bremen GmbH ,Bremen,8.68673,53.12494,Carbon dioxide (CO2),2160000000.0,2160000.0,Steel
Germany,2023,Production and processing of metals,2(b),https://registry.gdi-de.org/id/de.hb/de.hb.pf.bube-eureg.06-04-11/2005382/5/0,ArcelorMittal Bremen GmbH ,Bremen,8.68673,53.12494,Carbon dioxide (CO2),2337000000.0,2337000.0,Steel
Germany,2018,Production and processing of metals,2(b),https://registry.gdi-de.org/id/de.bb.inspire.pf.eureg/23024102,ArcelorMittal Eisenhüttenstadt GmbH ,Eisenhüttenstadt,14.61768,52.16614,Carbon dioxide (CO2),1800000000.0,1800000.0,Steel
Germany,2019,Production and processing of metals,2(b),https://registry.gdi-de.org/id/de.bb.inspire.pf.eureg/23024102,ArcelorMittal Eisenhüttenstadt GmbH ,Eisenhüttenstadt,14.61768,52.16614,Carbon dioxide (CO2),1800000000.0,1800000.0,Steel
Germany,2020,Production and processing of metals,2(b),https://registry.gdi-de.org/id/de.bb.inspire.pf.eureg/23024102,ArcelorMittal Eisenhüttenstadt GmbH ,Eisenhüttenstadt,14.61768,52.16614,Carbon dioxide (CO2),1800000000.0,1800000.0,Steel
Germany,2021,Production and processing of metals,2(b),https://registry.gdi-de.org/id/de.bb.inspire.pf.eureg/23024102,ArcelorMittal Eisenhüttenstadt GmbH ,Eisenhüttenstadt,14.61768,52.16614,Carbon dioxide (CO2),2040000000.0,2040000.0,Steel
Germany,2022,Production and processing of metals,2(b),https://registry.gdi-de.org/id/de.bb.inspire.pf.eureg/23024102,ArcelorMittal Eisenhüttenstadt GmbH ,Eisenhüttenstadt,14.61768,52.16614,Carbon dioxide (CO2),1580000000.0,1580000.0,Steel
Germany,2023,Production and processing of metals,2(b),https://registry.gdi-de.org/id/de.bb.inspire.pf.eureg/23024102,ArcelorMittal Eisenhüttenstadt GmbH ,Eisenhüttenstadt,14.61768,52.16614,Carbon dioxide (CO2),1781000000.0,1781000.0,Steel
Germany,2018,Production and processing of metals,2(b),https://registry.gdi-de.org/id/de.nw.inspire.pf.bube-eureg/arb-2017-112000-100-9973329,ArcelorMittal Hochfeld GmbH,Duisburg,6.74522,51.4639,Carbon dioxide (CO2),273000000.0,273000.0,Steel
Germany,2019,Production and processing of metals,2(b),https://registry.gdi-de.org/id/de.nw.inspire.pf.bube-eureg/arb-2017-112000-100-9973329,ArcelorMittal Hochfeld GmbH,Duisburg,6.74522,51.4639,Carbon dioxide (CO2),226000000.0,226000.0,Steel
Germany,2020,Production and processing of metals,2(b),https://registry.gdi-de.org/id/de.nw.inspire.pf.bube-eureg/arb-2017-112000-100-9973329,ArcelorMittal Hochfeld GmbH,Duisburg,6.74522,51.4639,Carbon dioxide (CO2),231000000.0,231000.0,Steel
Germany,2021,Production and processing of metals,2(b),https://registry.gdi-de.org/id/de.nw.inspire.pf.bube-eureg/arb-2017-112000-100-9973329,ArcelorMittal Hochfeld GmbH,Duisburg,6.74522,51.4639,Carbon dioxide (CO2),254000000.0,254000.0,Steel
Germany,2022,Production and processing of metals,2(b),https://registry.gdi-de.org/id/de.nw.inspire.pf.bube-eureg/arb-2017-112000-100-9973329,ArcelorMittal Hochfeld GmbH,Duisburg,6.74522,51.4639,Carbon dioxide (CO2),214000000.0,214000.0,Steel
Germany,2023,Production and processing of metals,2(b),https://registry.gdi-de.org/id/de.nw.inspire.pf.bube-eureg/arb-2017-112000-100-9973329,ArcelorMittal Hochfeld GmbH,Duisburg,6.74522,51.4639,Carbon dioxide (CO2),231000000.0,231000.0,Steel
Germany,2018,Production and processing of metals,2(b),https://registry.gdi-de.org/id/de.nw.inspire.pf.bube-eureg/arb-2017-112000-100-0388700,DK Recycling und Roheisen GmbH,Duisburg,6.74199,51.42228,Carbon dioxide (CO2),589000000.0,589000.0,Steel
Germany,2019,Production and processing of metals,2(b),https://registry.gdi-de.org/id/de.nw.inspire.pf.bube-eureg/arb-2017-112000-100-0388700,DK Recycling und Roheisen GmbH,Duisburg,6.74199,51.42228,Carbon dioxide (CO2),568000000.0,568000.0,Steel
Germany,2020,Production and processing of metals,2(b),https://registry.gdi-de.org/id/de.nw.inspire.pf.bube-eureg/arb-2017-112000-100-0388700,DK Recycling und Roheisen GmbH,Duisburg,6.74199,51.42228,Carbon dioxide (CO2),605000000.0,605000.0,Steel
Germany,2021,Production and processing of metals,2(b),https://registry.gdi-de.org/id/de.nw.inspire.pf.bube-eureg/arb-2017-112000-100-0388700,DK Recycling und Roheisen GmbH,Duisburg,6.74199,51.42228,Carbon dioxide (CO2),638000000.0,638000.0,Steel
Germany,2022,Production and processing of metals,2(b),https://registry.gdi-de.org/id/de.nw.inspire.pf.bube-eureg/arb-2017-112000-100-0388700,DK Recycling und Roheisen GmbH,Duisburg,6.74199,51.42228,Carbon dioxide (CO2),476000000.0,476000.0,Steel
Germany,2023,Production and processing of metals,2(b),https://registry.gdi-de.org/id/de.nw.inspire.pf.bube-eureg/arb-2017-112000-100-0388700,DK Recycling und Roheisen GmbH,Duisburg,6.74199,51.42228,Carbon dioxide (CO2),552000000.0,552000.0,Steel
Germany,2018,Production and processing of metals,2(b),https://registry.gdi-de.org/id/de.ni.mu/10285005160,Georgsmarienhütte GmbH ,Georgsmarienhütte,8.0495,52.20914,Carbon dioxide (CO2),180000000.0,180000.0,Steel
Germany,2019,Production and processing of metals,2(b),https://registry.gdi-de.org/id/de.ni.mu/10285005160,Georgsmarienhütte GmbH ,Georgsmarienhütte,8.0495,52.20914,Carbon dioxide (CO2),158000000.0,158000.0,Steel
Germany,2020,Production and processing of metals,2(b),https://registry.gdi-de.org/id/de.ni.mu/10285005160,Georgsmarienhütte GmbH ,Georgsmarienhütte,8.0495,52.20914,Carbon dioxide (CO2),147000000.0,147000.0,Steel
Germany,2021,Production and processing of metals,2(b),https://registry.gdi-de.org/id/de.ni.mu/10285005160,Georgsmarienhütte GmbH ,Georgsmarienhütte,8.0495,52.20914,Carbon dioxide (CO2),162000000.0,162000.0,Steel
Germany,2022,Production and processing of metals,2(b),https://registry.gdi-de.org/id/de.ni.mu/10285005160,Georgsmarienhütte GmbH ,Georgsmarienhütte,8.0495,52.20914,Carbon dioxide (CO2),164000000.0,164000.0,Steel
Germany,2023,Production and processing of metals,2(b),https://registry.gdi-de.org/id/de.ni.mu/10285005160,Georgsmarienhütte GmbH ,Georgsmarienhütte,8.0495,52.20914,Carbon dioxide (CO2),163000000.0,163000.0,Steel
Germany,2018,Production and processing of metals,2(b),https://registry.gdi-de.org/id/de.nw.inspire.pf.bube-eureg/arb-2017-112000-100-0077961,Hüttenwerke Krupp Mannesmann GmbH,Duisburg,6.71227,51.36823,Carbon dioxide (CO2),4980000000.0,4980000.0,Steel
Germany,2019,Production and processing of metals,2(b),https://registry.gdi-de.org/id/de.nw.inspire.pf.bube-eureg/arb-2017-112000-100-0077961,Hüttenwerke Krupp Mannesmann GmbH,Duisburg,6.71227,51.36823,Carbon dioxide (CO2),5180000000.0,5180000.0,Steel
Germany,2020,Production and processing of metals,2(b),https://registry.gdi-de.org/id/de.nw.inspire.pf.bube-eureg/arb-2017-112000-100-0077961,Hüttenwerke Krupp Mannesmann GmbH,Duisburg,6.71227,51.36823,Carbon dioxide (CO2),4000000000.0,4000000.0,Steel
Germany,2021,Production and processing of metals,2(b),https://registry.gdi-de.org/id/de.nw.inspire.pf.bube-eureg/arb-2017-112000-100-0077961,Hüttenwerke Krupp Mannesmann GmbH,Duisburg,6.71227,51.36823,Carbon dioxide (CO2),4980000000.0,4980000.0,Steel
Germany,2022,Production and processing of metals,2(b),https://registry.gdi-de.org/id/de.nw.inspire.pf.bube-eureg/arb-2017-112000-100-0077961,Hüttenwerke Krupp Mannesmann GmbH,Duisburg,6.71227,51.36823,Carbon dioxide (CO2),4249000000.0,4249000.0,Steel
Germany,2023,Production and processing of metals,2(b),https://registry.gdi-de.org/id/de.nw.inspire.pf.bube-eureg/arb-2017-112000-100-0077961,Hüttenwerke Krupp Mannesmann GmbH,Duisburg,6.71227,51.36823,Carbon dioxide (CO2),4404000000.0,4404000.0,Steel
Italy,2018,Production and processing of metals,2(b),IT.CAED/741231004.FACILITY,STABILIMENTO DI TARANTO,TARANTO,17.1999,40.5167,Carbon dioxide (CO2),6069617000.0,6069617.0,Steel
Italy,2019,Production and processing of metals,2(b),IT.CAED/741231004.FACILITY,STABILIMENTO DI TARANTO,TARANTO,17.1999,40.5167,Carbon dioxide (CO2),5898625530.0,5898625.53,Steel
Italy,2020,Production and processing of metals,2(b),IT.CAED/741231004.FACILITY,STABILIMENTO DI TARANTO,TARANTO,17.1999,40.5167,Carbon dioxide (CO2),4834122920.0,4834122.92,Steel
Italy,2021,Production and processing of metals,2(b),IT.CAED/741231004.FACILITY,STABILIMENTO DI TARANTO,TARANTO,17.1999,40.5167,Carbon dioxide (CO2),5246390000.0,5246390.0,Steel
Italy,2022,Production and processing of metals,2(b),IT.CAED/741231004.FACILITY,STABILIMENTO DI TARANTO,TARANTO,17.1999,40.5167,Carbon dioxide (CO2),4703124870.0,4703124.87,Steel
Italy,2023,Production and processing of metals,2(b),IT.CAED/741231004.FACILITY,STABILIMENTO DI TARANTO,TARANTO,17.1999,40.5167,Carbon dioxide (CO2),4351958300.0,4351958.3,Steel
Germany,2018,Production and processing of metals,2(b),https://registry.gdi-de.org/id/de.ni.mu/01211092310,Salzgitter Flachstahl GmbH ,Salzgitter,10.40308,52.15476,Carbon dioxide (CO2),7940000000.0,7940000.0,Steel
Germany,2019,Production and processing of metals,2(b),https://registry.gdi-de.org/id/de.ni.mu/01211092310,Salzgitter Flachstahl GmbH ,Salzgitter,10.40308,52.15476,Carbon dioxide (CO2),7940000000.0,7940000.0,Steel
Germany,2020,Production and processing of metals,2(b),https://registry.gdi-de.org/id/de.ni.mu/01211092310,Salzgitter Flachstahl GmbH ,Salzgitter,10.40308,52.15476,Carbon dioxide (CO2),7140000000.0,7140000.0,Steel
Germany,2021,Production and processing of metals,2(b),https://registry.gdi-de.org/id/de.ni.mu/01211092310,Salzgitter Flachstahl GmbH ,Salzgitter,10.40308,52.15476,Carbon dioxide (CO2),7760000000.0,7760000.0,Steel
Germany,2022,Production and processing of metals,2(b),https://registry.gdi-de.org/id/de.ni.mu/01211092310,Salzgitter Flachstahl GmbH ,Salzgitter,10.40308,52.15476,Carbon dioxide (CO2),7560000000.0,7560000.0,Steel
Germany,2023,Production and processing of metals,2(b),https://registry.gdi-de.org/id/de.ni.mu/01211092310,Salzgitter Flachstahl GmbH ,Salzgitter,10.40308,52.15476,Carbon dioxide (CO2),6866000000.0,6866000.0,Steel
Netherlands,2018,Production and processing of metals,2(b),NL.RIVM/000023301.FACILITY,Tata Steel IJmuiden BV,Velsen-Noord,4.59217,52.47656,Carbon dioxide (CO2),6590000000.0,6590000.0,Steel
Netherlands,2019,Production and processing of metals,2(b),NL.RIVM/000023301.FACILITY,Tata Steel IJmuiden BV,Velsen-Noord,4.59217,52.47656,Carbon dioxide (CO2),6350000000.0,6350000.0,Steel
Netherlands,2020,Production and processing of metals,2(b),NL.RIVM/000023301.FACILITY,Tata Steel IJmuiden BV,Velsen-Noord,4.59217,52.47656,Carbon dioxide (CO2),5790000000.0,5790000.0,Steel
Netherlands,2021,Production and processing of metals,2(b),NL.RIVM/000023301.FACILITY,Tata Steel IJmuiden BV,Velsen-Noord,4.59217,52.47656,Carbon dioxide (CO2),5960000000.0,5960000.0,Steel
Netherlands,2022,Production and processing of metals,2(b),NL.RIVM/000023301.FACILITY,Tata Steel IJmuiden BV,Velsen-Noord,4.59217,52.47656,Carbon dioxide (CO2),5820000000.0,5820000.0,Steel
Netherlands,2023,Production and processing of metals,2(b),NL.RIVM/000023301.FACILITY,Tata Steel IJmuiden BV,Velsen-Noord,4.59217,52.47656,Carbon dioxide (CO2),4550000000.0,4550000.0,Steel
Slovakia,2018,Production and processing of metals,2(b),https://data.gov.sk/set/data/so/b4d884b3-4442-43db-a19c-ceb6e127960f/SK57002803.NRZ.FACILITY,U.S.Steel s.r.o.,Košice - Šaca,21.198325,48.617783,Carbon dioxide (CO2),5970000000.0,5970000.0,Steel
Slovakia,2019,Production and processing of metals,2(b),https://data.gov.sk/set/data/so/b4d884b3-4442-43db-a19c-ceb6e127960f/SK57002803.NRZ.FACILITY,U.S.Steel s.r.o.,Košice - Šaca,21.198325,48.617783,Carbon dioxide (CO2),5020000000.0,5020000.0,Steel
Slovakia,2020,Production and processing of metals,2(b),https://data.gov.sk/set/data/so/b4d884b3-4442-43db-a19c-ceb6e127960f/SK57002803.NRZ.FACILITY,U.S.Steel s.r.o.,Košice - Šaca,21.198325,48.617783,Carbon dioxide (CO2),4390000000.0,4390000.0,Steel
Slovakia,2021,Production and processing of metals,2(b),https://data.gov.sk/set/data/so/b4d884b3-4442-43db-a19c-ceb6e127960f/SK57002803.NRZ.FACILITY,U.S.Steel s.r.o.,Košice - Šaca,21.198325,48.617783,Carbon dioxide (CO2),5860000000.0,5860000.0,Steel
Slovakia,2022,Production and processing of metals,2(b),https://data.gov.sk/set/data/so/b4d884b3-4442-43db-a19c-ceb6e127960f/SK57002803.NRZ.FACILITY,U.S.Steel s.r.o.,Košice - Šaca,21.198325,48.617783,Carbon dioxide (CO2),4890000000.0,4890000.0,Steel
Germany,2018,Production and processing of metals,2(b),https://registry.gdi-de.org/id/de.nw.inspire.pf.bube-eureg/arb-2017-112000-100-0209707,thyssenkrupp Steel Europe AG Werk Beeckerwerth,Duisburg,6.70664,51.48409,Carbon dioxide (CO2),926000000.0,926000.0,Steel
Germany,2019,Production and processing of metals,2(b),https://registry.gdi-de.org/id/de.nw.inspire.pf.bube-eureg/arb-2017-112000-100-0209707,thyssenkrupp Steel Europe AG Werk Beeckerwerth,Duisburg,6.70664,51.48409,Carbon dioxide (CO2),852000000.0,852000.0,Steel
Germany,2020,Production and processing of metals,2(b),https://registry.gdi-de.org/id/de.nw.inspire.pf.bube-eureg/arb-2017-112000-100-0209707,thyssenkrupp Steel Europe AG Werk Beeckerwerth,Duisburg,6.70664,51.48409,Carbon dioxide (CO2),725000000.0,725000.0,Steel
Germany,2021,Production and processing of metals,2(b),https://registry.gdi-de.org/id/de.nw.inspire.pf.bube-eureg/arb-2017-112000-100-0209707,thyssenkrupp Steel Europe AG Werk Beeckerwerth,Duisburg,6.70664,51.48409,Carbon dioxide (CO2),806000000.0,806000.0,Steel
Germany,2022,Production and processing of metals,2(b),https://registry.gdi-de.org/id/de.nw.inspire.pf.bube-eureg/arb-2017-112000-100-0209707,thyssenkrupp Steel Europe AG Werk Beeckerwerth,Duisburg,6.70664,51.48409,Carbon dioxide (CO2),758000000.0,758000.0,Steel
Germany,2023,Production and processing of metals,2(b),https://registry.gdi-de.org/id/de.nw.inspire.pf.bube-eureg/arb-2017-112000-100-0209707,thyssenkrupp Steel Europe AG Werk Beeckerwerth,Duisburg,6.70664,51.48409,Carbon dioxide (CO2),771000000.0,771000.0,Steel
Germany,2018,Production and processing of metals,2(b),https://registry.gdi-de.org/id/de.nw.inspire.pf.bube-eureg/arb-2017-112000-100-0209697,thyssenkrupp Steel Europe AG Werk Bruckhausen,Duisburg,6.73795,51.49409,Carbon dioxide (CO2),502000000.0,502000.0,Steel
Germany,2019,Production and processing of metals,2(b),https://registry.gdi-de.org/id/de.nw.inspire.pf.bube-eureg/arb-2017-112000-100-0209697,thyssenkrupp Steel Europe AG Werk Bruckhausen,Duisburg,6.73795,51.49409,Carbon dioxide (CO2),517000000.0,517000.0,Steel
Germany,2020,Production and processing of metals,2(b),https://registry.gdi-de.org/id/de.nw.inspire.pf.bube-eureg/arb-2017-112000-100-0209697,thyssenkrupp Steel Europe AG Werk Bruckhausen,Duisburg,6.73795,51.49409,Carbon dioxide (CO2),480000000.0,480000.0,Steel
Germany,2021,Production and processing of metals,2(b),https://registry.gdi-de.org/id/de.nw.inspire.pf.bube-eureg/arb-2017-112000-100-0209697,thyssenkrupp Steel Europe AG Werk Bruckhausen,Duisburg,6.73795,51.49409,Carbon dioxide (CO2),512000000.0,512000.0,Steel
Germany,2022,Production and processing of metals,2(b),https://registry.gdi-de.org/id/de.nw.inspire.pf.bube-eureg/arb-2017-112000-100-0209697,thyssenkrupp Steel Europe AG Werk Bruckhausen,Duisburg,6.73795,51.49409,Carbon dioxide (CO2),517000000.0,517000.0,Steel
Germany,2023,Production and processing of metals,2(b),https://registry.gdi-de.org/id/de.nw.inspire.pf.bube-eureg/arb-2017-112000-100-0209697,thyssenkrupp Steel Europe AG Werk Bruckhausen,Duisburg,6.73795,51.49409,Carbon dioxide (CO2),486000000.0,486000.0,Steel
Germany,2018,Production and processing of metals,2(b),https://registry.gdi-de.org/id/de.nw.inspire.pf.bube-eureg/arb-2017-112000-100-0215455,thyssenkrupp Steel Europe AG Werk Hamborn,Duisburg,6.73172,51.48466,Carbon dioxide (CO2),1300000000.0,1300000.0,Steel
Germany,2019,Production and processing of metals,2(b),https://registry.gdi-de.org/id/de.nw.inspire.pf.bube-eureg/arb-2017-112000-100-0215455,thyssenkrupp Steel Europe AG Werk Hamborn,Duisburg,6.73172,51.48466,Carbon dioxide (CO2),1270000000.0,1270000.0,Steel
Germany,2020,Production and processing of metals,2(b),https://registry.gdi-de.org/id/de.nw.inspire.pf.bube-eureg/arb-2017-112000-100-0215455,thyssenkrupp Steel Europe AG Werk Hamborn,Duisburg,6.73172,51.48466,Carbon dioxide (CO2),1210000000.0,1210000.0,Steel
Germany,2021,Production and processing of metals,2(b),https://registry.gdi-de.org/id/de.nw.inspire.pf.bube-eureg/arb-2017-112000-100-0215455,thyssenkrupp Steel Europe AG Werk Hamborn,Duisburg,6.73172,51.48466,Carbon dioxide (CO2),1360000000.0,1360000.0,Steel
Germany,2022,Production and processing of metals,2(b),https://registry.gdi-de.org/id/de.nw.inspire.pf.bube-eureg/arb-2017-112000-100-0215455,thyssenkrupp Steel Europe AG Werk Hamborn,Duisburg,6.73172,51.48466,Carbon dioxide (CO2),1257000000.0,1257000.0,Steel
Germany,2023,Production and processing of metals,2(b),https://registry.gdi-de.org/id/de.nw.inspire.pf.bube-eureg/arb-2017-112000-100-0215455,thyssenkrupp Steel Europe AG Werk Hamborn,Duisburg,6.73172,51.48466,Carbon dioxide (CO2),1220000000.0,1220000.0,Steel
Austria,2018,Production and processing of metals,2(b),AT.CAED/9008390731697.FACILITY,voestalpine Stahl GmbH,Linz,14.34,48.284,Carbon dioxide (CO2),7750000000.0,7750000.0,Steel
Austria,2019,Production and processing of metals,2(b),AT.CAED/9008390731697.FACILITY,voestalpine Stahl GmbH,Linz,14.34,48.284,Carbon dioxide (CO2),8760000000.0,8760000.0,Steel
Austria,2020,Production and processing of metals,2(b),AT.CAED/9008390731697.FACILITY,voestalpine Stahl GmbH,Linz,14.34,48.284,Carbon dioxide (CO2),8500000000.0,8500000.0,Steel
Austria,2021,Production and processing of metals,2(b),AT.CAED/9008390731697.FACILITY,voestalpine Stahl GmbH,Linz,14.34,48.284,Carbon dioxide (CO2),9340000000.0,9340000.0,Steel
Austria,2022,Production and processing of metals,2(b),AT.CAED/9008390731697.FACILITY,voestalpine Stahl GmbH,Linz,14.34,48.284,Carbon dioxide (CO2),8810000000.0,8810000.0,Steel
Austria,2023,Production and processing of metals,2(b),AT.CAED/9008390731697.FACILITY,voestalpine Stahl GmbH,Linz,14.34,48.284,Carbon dioxide (CO2),8610000000.0,8610000.0,Steel
