case_id,facility_id,facility_name,sector,country,reference_year,independent_capacity_mtpa,declared_production_tonnes,capacity_utilization_ratio,actual_technology_route,declared_production_route,original_reported_co2_tonnes,declared_co2_tonnes,declared_specific_emissions,perturbation_type,perturbation_magnitude_pct,benchmark_label,affected_modalities,scientific_rationale,stoich_lower_bound_tco2_per_t,stoich_margin_tco2_per_t,stoich_violation,satellite_zscore,satellite_valid_overpasses,satellite_confidence,satellite_data_source,satellite_operational_verdict,historical_mean_co2_tonnes,historical_std_co2_tonnes,historical_zscore,historical_confidence,registry_confidence
CASE_001_BASELINE,AT.CAED/9008390731697.FACILITY,voestalpine Stahl GmbH,Steel,Austria,2023,6.0,4680000.0,0.78,BF-BOF (Integrated Blast Furnace - LD Steelmaking),BF-BOF,8628333.3,8628333.3,1.8437,BASELINE_CONCORDANT,0.0,0,None,"Authentic reference observation; all independent physical, historical, and satellite indicators concordant.",1.155,0.689,0,1.56,6,1.0,real_sentinel5p,SATELLITE_CONCORDANT,8628333.3,518668.2,0.0,0.9,0.95
CASE_002_PHYSICAL_VIOLATION,AT.CAED/9008390731697.FACILITY,voestalpine Stahl GmbH,Steel,Austria,2023,6.0,4680000.0,0.78,BF-BOF (Integrated Blast Furnace - LD Steelmaking),BF-BOF,8628333.3,3042000.0,0.65,PHYSICAL_BOUND_VIOLATION,-64.7,1,"Stoichiometry, Historical_Fingerprint",Declared emissions breach stoichiometric calcination / carbothermic reduction lower bound under declared production.,1.155,-0.505,1,1.56,6,1.0,real_sentinel5p,SATELLITE_CONCORDANT,8628333.3,518668.2,-10.77,0.9,0.95
CASE_003_HISTORICAL_DROP,AT.CAED/9008390731697.FACILITY,voestalpine Stahl GmbH,Steel,Austria,2023,6.0,4680000.0,0.78,BF-BOF (Integrated Blast Furnace - LD Steelmaking),BF-BOF,8628333.3,6657394.3,1.4225,HISTORICAL_DROP_ANOMALY,-22.8,1,Historical_Fingerprint,Longitudinal drop anomaly (Z = -3.80 sigma below 5-year facility trajectory) with unchanged production volume.,1.155,0.268,0,1.56,6,1.0,real_sentinel5p,SATELLITE_CONCORDANT,8628333.3,518668.2,-3.8,0.9,0.95
CASE_004_ROUTE_MISCLASS,AT.CAED/9008390731697.FACILITY,voestalpine Stahl GmbH,Steel,Austria,2023,6.0,4680000.0,0.78,BF-BOF (Integrated Blast Furnace - LD Steelmaking),Scrap-EAF,8628333.3,1638000.0,0.35,ROUTE_MISCLASSIFICATION,-81.0,1,"Stoichiometry, Historical_Fingerprint, Registry",Controlled route-mismatch case constructed from facility with independently documented primary BF-BOF route declaring secondary Scrap-EAF route.,0.04,0.31,0,1.56,6,1.0,real_sentinel5p,SATELLITE_CONCORDANT,8628333.3,518668.2,-13.48,0.9,0.95
CASE_005_BASELINE,DK.CAED/000105786.FACILITY,Aalborg Portland A/S,Cement,Denmark,2023,2.5,2125000.0,0.85,Dry Kiln + Semi-Wet White/Grey Cement Kilns,Dry Kiln with Precalciner,2108599.3,2108599.3,0.9923,BASELINE_CONCORDANT,0.0,0,None,"Authentic reference observation; all independent physical, historical, and satellite indicators concordant.",0.81,0.182,0,0.39,8,1.0,real_sentinel5p,SATELLITE_CONCORDANT,2108599.3,230762.6,0.0,0.9,0.95
CASE_006_PHYSICAL_VIOLATION,DK.CAED/000105786.FACILITY,Aalborg Portland A/S,Cement,Denmark,2023,2.5,2125000.0,0.85,Dry Kiln + Semi-Wet White/Grey Cement Kilns,Dry Kiln with Precalciner,2108599.3,680000.0,0.32,PHYSICAL_BOUND_VIOLATION,-67.8,1,"Stoichiometry, Historical_Fingerprint",Declared emissions breach stoichiometric calcination / carbothermic reduction lower bound under declared production.,0.81,-0.49,1,0.39,8,1.0,real_sentinel5p,SATELLITE_CONCORDANT,2108599.3,230762.6,-6.19,0.9,0.95
CASE_007_HISTORICAL_DROP,DK.CAED/000105786.FACILITY,Aalborg Portland A/S,Cement,Denmark,2023,2.5,2125000.0,0.85,Dry Kiln + Semi-Wet White/Grey Cement Kilns,Dry Kiln with Precalciner,2108599.3,1231701.3,0.5796,HISTORICAL_DROP_ANOMALY,-41.6,1,Historical_Fingerprint,Longitudinal drop anomaly (Z = -3.80 sigma below 5-year facility trajectory) with unchanged production volume.,0.81,-0.231,1,0.39,8,1.0,real_sentinel5p,SATELLITE_CONCORDANT,2108599.3,230762.6,-3.8,0.9,0.95
CASE_008_BASELINE,EL.CAED/100078.FACILITY,"HERACLES G.C.Co, MILAKI PLANT",Cement,Greece,2023,2.2,1870000.0,0.85,Dry Kiln with Precalciner,Dry Kiln with Precalciner,2166166.7,2166166.7,1.1584,BASELINE_CONCORDANT,0.0,0,None,"Authentic reference observation; all independent physical, historical, and satellite indicators concordant.",0.81,0.348,0,0.44,5,1.0,real_sentinel5p,SATELLITE_CONCORDANT,2166166.7,3264652.6,0.0,0.9,0.95
CASE_009_PHYSICAL_VIOLATION,EL.CAED/100078.FACILITY,"HERACLES G.C.Co, MILAKI PLANT",Cement,Greece,2023,2.2,1870000.0,0.85,Dry Kiln with Precalciner,Dry Kiln with Precalciner,2166166.7,598400.0,0.32,PHYSICAL_BOUND_VIOLATION,-72.4,1,"Stoichiometry, Historical_Fingerprint",Declared emissions breach stoichiometric calcination / carbothermic reduction lower bound under declared production.,0.81,-0.49,1,0.44,5,1.0,real_sentinel5p,SATELLITE_CONCORDANT,2166166.7,3264652.6,-0.48,0.9,0.95
CASE_010_HISTORICAL_DROP,EL.CAED/100078.FACILITY,"HERACLES G.C.Co, MILAKI PLANT",Cement,Greece,2023,2.2,1870000.0,0.85,Dry Kiln with Precalciner,Dry Kiln with Precalciner,2166166.7,974775.0,0.5213,HISTORICAL_DROP_ANOMALY,-55.0,1,Historical_Fingerprint,Longitudinal drop anomaly (Z = -0.36 sigma below 5-year facility trajectory) with unchanged production volume.,0.81,-0.289,1,0.44,5,1.0,real_sentinel5p,SATELLITE_CONCORDANT,2166166.7,3264652.6,-0.36,0.9,0.95
CASE_011_BASELINE,FR.CAED/7656.FACILITY,ARCELORMITTAL MEDITERRANEE,Steel,France,2023,4.5,3600000.0,0.8,BF-BOF (Integrated Blast Furnace - Basic Oxygen Furnace),BF-BOF,6601666.6,6601666.6,1.8338,BASELINE_CONCORDANT,0.0,0,None,"Authentic reference observation; all independent physical, historical, and satellite indicators concordant.",1.155,0.679,0,1.08,5,1.0,real_sentinel5p,SATELLITE_CONCORDANT,6601666.6,919363.2,0.0,0.9,0.95
CASE_012_PHYSICAL_VIOLATION,FR.CAED/7656.FACILITY,ARCELORMITTAL MEDITERRANEE,Steel,France,2023,4.5,3600000.0,0.8,BF-BOF (Integrated Blast Furnace - Basic Oxygen Furnace),BF-BOF,6601666.6,2340000.0,0.65,PHYSICAL_BOUND_VIOLATION,-64.6,1,"Stoichiometry, Historical_Fingerprint",Declared emissions breach stoichiometric calcination / carbothermic reduction lower bound under declared production.,1.155,-0.505,1,1.08,5,1.0,real_sentinel5p,SATELLITE_CONCORDANT,6601666.6,919363.2,-4.64,0.9,0.95
CASE_013_HISTORICAL_DROP,FR.CAED/7656.FACILITY,ARCELORMITTAL MEDITERRANEE,Steel,France,2023,4.5,3600000.0,0.8,BF-BOF (Integrated Blast Furnace - Basic Oxygen Furnace),BF-BOF,6601666.6,3108086.3,0.8634,HISTORICAL_DROP_ANOMALY,-52.9,1,Historical_Fingerprint,Longitudinal drop anomaly (Z = -3.80 sigma below 5-year facility trajectory) with unchanged production volume.,1.155,-0.292,1,1.08,5,1.0,real_sentinel5p,SATELLITE_CONCORDANT,6601666.6,919363.2,-3.8,0.9,0.95
CASE_014_ROUTE_MISCLASS,FR.CAED/7656.FACILITY,ARCELORMITTAL MEDITERRANEE,Steel,France,2023,4.5,3600000.0,0.8,BF-BOF (Integrated Blast Furnace - Basic Oxygen Furnace),Scrap-EAF,6601666.6,1260000.0,0.35,ROUTE_MISCLASSIFICATION,-80.9,1,"Stoichiometry, Historical_Fingerprint, Registry",Controlled route-mismatch case constructed from facility with independently documented primary BF-BOF route declaring secondary Scrap-EAF route.,0.04,0.31,0,1.08,5,1.0,real_sentinel5p,SATELLITE_CONCORDANT,6601666.6,919363.2,-5.81,0.9,0.95
CASE_015_BASELINE,IT.CAED/741231004.FACILITY,STABILIMENTO DI TARANTO,Steel,Italy,2023,8.0,2800000.0,0.35,BF-BOF (Integrated Blast Furnace - Basic Oxygen Furnace),BF-BOF,5183973.1,5183973.1,1.8514,BASELINE_CONCORDANT,0.0,0,None,"Authentic reference observation; all independent physical, historical, and satellite indicators concordant.",1.155,0.696,0,2.6,5,1.0,real_sentinel5p,SATELLITE_CONCORDANT,5183973.1,684813.5,0.0,0.9,0.95
CASE_016_PHYSICAL_VIOLATION,IT.CAED/741231004.FACILITY,STABILIMENTO DI TARANTO,Steel,Italy,2023,8.0,2800000.0,0.35,BF-BOF (Integrated Blast Furnace - Basic Oxygen Furnace),BF-BOF,5183973.1,1820000.0,0.65,PHYSICAL_BOUND_VIOLATION,-64.9,1,"Stoichiometry, Historical_Fingerprint",Declared emissions breach stoichiometric calcination / carbothermic reduction lower bound under declared production.,1.155,-0.505,1,2.6,5,1.0,real_sentinel5p,SATELLITE_CONCORDANT,5183973.1,684813.5,-4.91,0.9,0.95
CASE_017_HISTORICAL_DROP,IT.CAED/741231004.FACILITY,STABILIMENTO DI TARANTO,Steel,Italy,2023,8.0,2800000.0,0.35,BF-BOF (Integrated Blast Furnace - Basic Oxygen Furnace),BF-BOF,5183973.1,2581681.7,0.922,HISTORICAL_DROP_ANOMALY,-50.2,1,Historical_Fingerprint,Longitudinal drop anomaly (Z = -3.80 sigma below 5-year facility trajectory) with unchanged production volume.,1.155,-0.233,1,2.6,5,1.0,real_sentinel5p,SATELLITE_CONCORDANT,5183973.1,684813.5,-3.8,0.9,0.95
CASE_018_ROUTE_MISCLASS,IT.CAED/741231004.FACILITY,STABILIMENTO DI TARANTO,Steel,Italy,2023,8.0,2800000.0,0.35,BF-BOF (Integrated Blast Furnace - Basic Oxygen Furnace),Scrap-EAF,5183973.1,980000.0,0.35,ROUTE_MISCLASSIFICATION,-81.1,1,"Stoichiometry, Historical_Fingerprint, Registry",Controlled route-mismatch case constructed from facility with independently documented primary BF-BOF route declaring secondary Scrap-EAF route.,0.04,0.31,0,2.6,5,1.0,real_sentinel5p,SATELLITE_CONCORDANT,5183973.1,684813.5,-6.14,0.9,0.95
CASE_019_BASELINE,NL.RIVM/000023301.FACILITY,Tata Steel IJmuiden BV,Steel,Netherlands,2023,7.5,3375000.0,0.45,BF-BOF (Integrated Blast Furnace - Basic Oxygen Furnace),BF-BOF,5843333.3,5843333.3,1.7314,BASELINE_CONCORDANT,0.0,0,None,"Authentic reference observation; all independent physical, historical, and satellite indicators concordant.",1.155,0.576,0,1.67,6,1.0,real_sentinel5p,SATELLITE_CONCORDANT,5843333.3,707662.8,0.0,0.9,0.95
CASE_020_PHYSICAL_VIOLATION,NL.RIVM/000023301.FACILITY,Tata Steel IJmuiden BV,Steel,Netherlands,2023,7.5,3375000.0,0.45,BF-BOF (Integrated Blast Furnace - Basic Oxygen Furnace),BF-BOF,5843333.3,2193750.0,0.65,PHYSICAL_BOUND_VIOLATION,-62.5,1,"Stoichiometry, Historical_Fingerprint",Declared emissions breach stoichiometric calcination / carbothermic reduction lower bound under declared production.,1.155,-0.505,1,1.67,6,1.0,real_sentinel5p,SATELLITE_CONCORDANT,5843333.3,707662.8,-5.16,0.9,0.95
CASE_021_HISTORICAL_DROP,NL.RIVM/000023301.FACILITY,Tata Steel IJmuiden BV,Steel,Netherlands,2023,7.5,3375000.0,0.45,BF-BOF (Integrated Blast Furnace - Basic Oxygen Furnace),BF-BOF,5843333.3,3154214.6,0.9346,HISTORICAL_DROP_ANOMALY,-46.0,1,Historical_Fingerprint,Longitudinal drop anomaly (Z = -3.80 sigma below 5-year facility trajectory) with unchanged production volume.,1.155,-0.22,1,1.67,6,1.0,real_sentinel5p,SATELLITE_CONCORDANT,5843333.3,707662.8,-3.8,0.9,0.95
CASE_022_ROUTE_MISCLASS,NL.RIVM/000023301.FACILITY,Tata Steel IJmuiden BV,Steel,Netherlands,2023,7.5,3375000.0,0.45,BF-BOF (Integrated Blast Furnace - Basic Oxygen Furnace),Scrap-EAF,5843333.3,1181250.0,0.35,ROUTE_MISCLASSIFICATION,-79.8,1,"Stoichiometry, Historical_Fingerprint, Registry",Controlled route-mismatch case constructed from facility with independently documented primary BF-BOF route declaring secondary Scrap-EAF route.,0.04,0.31,0,1.67,6,1.0,real_sentinel5p,SATELLITE_CONCORDANT,5843333.3,707662.8,-6.59,0.9,0.95
CASE_023_BASELINE,PL.MŚ/000000053.FACILITY,Grupa Ożarów S.A.,Cement,Poland,2023,2.4,1920000.0,0.8,Dry Kiln with Preheater/Precalciner,Dry Kiln with Precalciner,2113333.3,2113333.3,1.1007,BASELINE_CONCORDANT,0.0,0,None,"Authentic reference observation; all independent physical, historical, and satellite indicators concordant.",0.81,0.29,0,0.65,5,1.0,real_sentinel5p,SATELLITE_CONCORDANT,2113333.3,161203.8,0.0,0.9,0.95
CASE_024_PHYSICAL_VIOLATION,PL.MŚ/000000053.FACILITY,Grupa Ożarów S.A.,Cement,Poland,2023,2.4,1920000.0,0.8,Dry Kiln with Preheater/Precalciner,Dry Kiln with Precalciner,2113333.3,614400.0,0.32,PHYSICAL_BOUND_VIOLATION,-70.9,1,"Stoichiometry, Historical_Fingerprint",Declared emissions breach stoichiometric calcination / carbothermic reduction lower bound under declared production.,0.81,-0.49,1,0.65,5,1.0,real_sentinel5p,SATELLITE_CONCORDANT,2113333.3,161203.8,-9.3,0.9,0.95
CASE_025_HISTORICAL_DROP,PL.MŚ/000000053.FACILITY,Grupa Ożarów S.A.,Cement,Poland,2023,2.4,1920000.0,0.8,Dry Kiln with Preheater/Precalciner,Dry Kiln with Precalciner,2113333.3,1500758.9,0.7816,HISTORICAL_DROP_ANOMALY,-29.0,1,Historical_Fingerprint,Longitudinal drop anomaly (Z = -3.80 sigma below 5-year facility trajectory) with unchanged production volume.,0.81,-0.029,1,0.65,5,1.0,real_sentinel5p,SATELLITE_CONCORDANT,2113333.3,161203.8,-3.8,0.9,0.95
CASE_026_BASELINE,PL.MŚ/000000104.FACILITY,Górażdże Cement S.A. - Cementowia Górażdże,Cement,Poland,2023,3.6,3060000.0,0.85,Dry Kiln with Multi-Stage Preheater/Precalciner,Dry Kiln with Precalciner,2910000.0,2910000.0,0.951,BASELINE_CONCORDANT,0.0,0,None,"Authentic reference observation; all independent physical, historical, and satellite indicators concordant.",0.81,0.141,0,1.87,5,1.0,real_sentinel5p,SATELLITE_CONCORDANT,2910000.0,44158.8,0.0,0.9,0.95
CASE_027_PHYSICAL_VIOLATION,PL.MŚ/000000104.FACILITY,Górażdże Cement S.A. - Cementowia Górażdże,Cement,Poland,2023,3.6,3060000.0,0.85,Dry Kiln with Multi-Stage Preheater/Precalciner,Dry Kiln with Precalciner,2910000.0,979200.0,0.32,PHYSICAL_BOUND_VIOLATION,-66.4,1,"Stoichiometry, Historical_Fingerprint",Declared emissions breach stoichiometric calcination / carbothermic reduction lower bound under declared production.,0.81,-0.49,1,1.87,5,1.0,real_sentinel5p,SATELLITE_CONCORDANT,2910000.0,44158.8,-43.72,0.9,0.95
CASE_028_HISTORICAL_DROP,PL.MŚ/000000104.FACILITY,Górażdże Cement S.A. - Cementowia Górażdże,Cement,Poland,2023,3.6,3060000.0,0.85,Dry Kiln with Multi-Stage Preheater/Precalciner,Dry Kiln with Precalciner,2910000.0,2742196.5,0.8961,HISTORICAL_DROP_ANOMALY,-5.8,1,Historical_Fingerprint,Longitudinal drop anomaly (Z = -3.80 sigma below 5-year facility trajectory) with unchanged production volume.,0.81,0.086,0,1.87,5,1.0,real_sentinel5p,SATELLITE_CONCORDANT,2910000.0,44158.8,-3.8,0.9,0.95
CASE_029_BASELINE,SE.CAED/10016795.Facility,"Heidelberg Materials Cement Sverige AB, Slitefabriken",Cement,Sweden,2023,2.0,1640000.0,0.82,Dry Kiln with Precalciner,Dry Kiln with Precalciner,1590328.5,1590328.5,0.9697,BASELINE_CONCORDANT,0.0,0,None,"Authentic reference observation; all independent physical, historical, and satellite indicators concordant.",0.81,0.159,0,0.2,6,1.0,real_sentinel5p,SATELLITE_CONCORDANT,1590328.5,88643.0,0.0,0.9,0.95
CASE_030_PHYSICAL_VIOLATION,SE.CAED/10016795.Facility,"Heidelberg Materials Cement Sverige AB, Slitefabriken",Cement,Sweden,2023,2.0,1640000.0,0.82,Dry Kiln with Precalciner,Dry Kiln with Precalciner,1590328.5,524800.0,0.32,PHYSICAL_BOUND_VIOLATION,-67.0,1,"Stoichiometry, Historical_Fingerprint",Declared emissions breach stoichiometric calcination / carbothermic reduction lower bound under declared production.,0.81,-0.49,1,0.2,6,1.0,real_sentinel5p,SATELLITE_CONCORDANT,1590328.5,88643.0,-12.02,0.9,0.95
CASE_031_HISTORICAL_DROP,SE.CAED/10016795.Facility,"Heidelberg Materials Cement Sverige AB, Slitefabriken",Cement,Sweden,2023,2.0,1640000.0,0.82,Dry Kiln with Precalciner,Dry Kiln with Precalciner,1590328.5,1253485.2,0.7643,HISTORICAL_DROP_ANOMALY,-21.2,1,Historical_Fingerprint,Longitudinal drop anomaly (Z = -3.80 sigma below 5-year facility trajectory) with unchanged production volume.,0.81,-0.046,1,0.2,6,1.0,real_sentinel5p,SATELLITE_CONCORDANT,1590328.5,88643.0,-3.8,0.9,0.95
CASE_032_BASELINE,https://data.gov.sk/set/data/so/b4d884b3-4442-43db-a19c-ceb6e127960f/SK57002803.NRZ.FACILITY,U.S.Steel s.r.o.,Steel,Slovakia,2022,4.5,3510000.0,0.78,BF-BOF (Integrated Blast Furnace - Basic Oxygen Furnace),BF-BOF,5226000.0,5226000.0,1.4889,BASELINE_CONCORDANT,0.0,0,None,"Authentic reference observation; all independent physical, historical, and satellite indicators concordant.",1.155,0.334,0,0.0,0,0.0,no_data,INSUFFICIENT_EVIDENCE,5226000.0,672629.2,0.0,0.9,0.95
CASE_033_PHYSICAL_VIOLATION,https://data.gov.sk/set/data/so/b4d884b3-4442-43db-a19c-ceb6e127960f/SK57002803.NRZ.FACILITY,U.S.Steel s.r.o.,Steel,Slovakia,2022,4.5,3510000.0,0.78,BF-BOF (Integrated Blast Furnace - Basic Oxygen Furnace),BF-BOF,5226000.0,2281500.0,0.65,PHYSICAL_BOUND_VIOLATION,-56.3,1,"Stoichiometry, Historical_Fingerprint",Declared emissions breach stoichiometric calcination / carbothermic reduction lower bound under declared production.,1.155,-0.505,1,0.0,0,0.0,no_data,INSUFFICIENT_EVIDENCE,5226000.0,672629.2,-4.38,0.9,0.95
CASE_034_HISTORICAL_DROP,https://data.gov.sk/set/data/so/b4d884b3-4442-43db-a19c-ceb6e127960f/SK57002803.NRZ.FACILITY,U.S.Steel s.r.o.,Steel,Slovakia,2022,4.5,3510000.0,0.78,BF-BOF (Integrated Blast Furnace - Basic Oxygen Furnace),BF-BOF,5226000.0,2670009.2,0.7607,HISTORICAL_DROP_ANOMALY,-48.9,1,Historical_Fingerprint,Longitudinal drop anomaly (Z = -3.80 sigma below 5-year facility trajectory) with unchanged production volume.,1.155,-0.394,1,0.0,0,0.0,no_data,INSUFFICIENT_EVIDENCE,5226000.0,672629.2,-3.8,0.9,0.95
CASE_035_ROUTE_MISCLASS,https://data.gov.sk/set/data/so/b4d884b3-4442-43db-a19c-ceb6e127960f/SK57002803.NRZ.FACILITY,U.S.Steel s.r.o.,Steel,Slovakia,2022,4.5,3510000.0,0.78,BF-BOF (Integrated Blast Furnace - Basic Oxygen Furnace),Scrap-EAF,5226000.0,1228500.0,0.35,ROUTE_MISCLASSIFICATION,-76.5,1,"Stoichiometry, Historical_Fingerprint, Registry",Controlled route-mismatch case constructed from facility with independently documented primary BF-BOF route declaring secondary Scrap-EAF route.,0.04,0.31,0,0.0,0,0.0,no_data,INSUFFICIENT_EVIDENCE,5226000.0,672629.2,-5.94,0.9,0.95
CASE_036_BASELINE,https://registry.gdi-de.org/id/de.bb.inspire.pf.eureg/23020947,CEMEX Zement GmbH,Cement,Germany,2023,2.0,1600000.0,0.8,Dry Kiln with Preheater/Precalciner,Dry Kiln with Precalciner,1379833.3,1379833.3,0.8624,BASELINE_CONCORDANT,0.0,0,None,"Authentic reference observation; all independent physical, historical, and satellite indicators concordant.",0.81,0.052,0,0.29,8,1.0,real_sentinel5p,SATELLITE_CONCORDANT,1379833.3,163487.5,0.0,0.9,0.95
CASE_037_PHYSICAL_VIOLATION,https://registry.gdi-de.org/id/de.bb.inspire.pf.eureg/23020947,CEMEX Zement GmbH,Cement,Germany,2023,2.0,1600000.0,0.8,Dry Kiln with Preheater/Precalciner,Dry Kiln with Precalciner,1379833.3,512000.0,0.32,PHYSICAL_BOUND_VIOLATION,-62.9,1,"Stoichiometry, Historical_Fingerprint",Declared emissions breach stoichiometric calcination / carbothermic reduction lower bound under declared production.,0.81,-0.49,1,0.29,8,1.0,real_sentinel5p,SATELLITE_CONCORDANT,1379833.3,163487.5,-5.31,0.9,0.95
CASE_038_HISTORICAL_DROP,https://registry.gdi-de.org/id/de.bb.inspire.pf.eureg/23020947,CEMEX Zement GmbH,Cement,Germany,2023,2.0,1600000.0,0.8,Dry Kiln with Preheater/Precalciner,Dry Kiln with Precalciner,1379833.3,758580.8,0.4741,HISTORICAL_DROP_ANOMALY,-45.0,1,Historical_Fingerprint,Longitudinal drop anomaly (Z = -3.80 sigma below 5-year facility trajectory) with unchanged production volume.,0.81,-0.336,1,0.29,8,1.0,real_sentinel5p,SATELLITE_CONCORDANT,1379833.3,163487.5,-3.8,0.9,0.95
CASE_039_BASELINE,https://registry.gdi-de.org/id/de.bb.inspire.pf.eureg/23024102,ArcelorMittal Eisenhüttenstadt GmbH ,Steel,Germany,2023,2.4,1008000.0,0.42,BF-BOF (Integrated Blast Furnace - Basic Oxygen Furnace),BF-BOF,1800166.7,1800166.7,1.7859,BASELINE_CONCORDANT,0.0,0,None,"Authentic reference observation; all independent physical, historical, and satellite indicators concordant.",1.155,0.631,0,0.55,8,1.0,real_sentinel5p,SATELLITE_CONCORDANT,1800166.7,145849.8,0.0,0.9,0.95
CASE_040_PHYSICAL_VIOLATION,https://registry.gdi-de.org/id/de.bb.inspire.pf.eureg/23024102,ArcelorMittal Eisenhüttenstadt GmbH ,Steel,Germany,2023,2.4,1008000.0,0.42,BF-BOF (Integrated Blast Furnace - Basic Oxygen Furnace),BF-BOF,1800166.7,655200.0,0.65,PHYSICAL_BOUND_VIOLATION,-63.6,1,"Stoichiometry, Historical_Fingerprint",Declared emissions breach stoichiometric calcination / carbothermic reduction lower bound under declared production.,1.155,-0.505,1,0.55,8,1.0,real_sentinel5p,SATELLITE_CONCORDANT,1800166.7,145849.8,-7.85,0.9,0.95
CASE_041_HISTORICAL_DROP,https://registry.gdi-de.org/id/de.bb.inspire.pf.eureg/23024102,ArcelorMittal Eisenhüttenstadt GmbH ,Steel,Germany,2023,2.4,1008000.0,0.42,BF-BOF (Integrated Blast Furnace - Basic Oxygen Furnace),BF-BOF,1800166.7,1245937.4,1.236,HISTORICAL_DROP_ANOMALY,-30.8,1,Historical_Fingerprint,Longitudinal drop anomaly (Z = -3.80 sigma below 5-year facility trajectory) with unchanged production volume.,1.155,0.081,0,0.55,8,1.0,real_sentinel5p,SATELLITE_CONCORDANT,1800166.7,145849.8,-3.8,0.9,0.95
CASE_042_ROUTE_MISCLASS,https://registry.gdi-de.org/id/de.bb.inspire.pf.eureg/23024102,ArcelorMittal Eisenhüttenstadt GmbH ,Steel,Germany,2023,2.4,1008000.0,0.42,BF-BOF (Integrated Blast Furnace - Basic Oxygen Furnace),Scrap-EAF,1800166.7,352800.0,0.35,ROUTE_MISCLASSIFICATION,-80.4,1,"Stoichiometry, Historical_Fingerprint, Registry",Controlled route-mismatch case constructed from facility with independently documented primary BF-BOF route declaring secondary Scrap-EAF route.,0.04,0.31,0,0.55,8,1.0,real_sentinel5p,SATELLITE_CONCORDANT,1800166.7,145849.8,-9.92,0.9,0.95
CASE_043_BASELINE,https://registry.gdi-de.org/id/de.bw.lubw.inspire.pf/pf-450-4650956-00000000,Schwenk Zement ,Cement,Germany,2023,1.05,819000.0,0.78,Dry Kiln with Preheater/Precalciner,Dry Kiln with Precalciner,802666.7,802666.7,0.9801,BASELINE_CONCORDANT,0.0,0,None,"Authentic reference observation; all independent physical, historical, and satellite indicators concordant.",0.81,0.17,0,0.34,7,1.0,real_sentinel5p,SATELLITE_CONCORDANT,802666.7,44446.2,0.0,0.9,0.95
CASE_044_PHYSICAL_VIOLATION,https://registry.gdi-de.org/id/de.bw.lubw.inspire.pf/pf-450-4650956-00000000,Schwenk Zement ,Cement,Germany,2023,1.05,819000.0,0.78,Dry Kiln with Preheater/Precalciner,Dry Kiln with Precalciner,802666.7,262080.0,0.32,PHYSICAL_BOUND_VIOLATION,-67.3,1,"Stoichiometry, Historical_Fingerprint",Declared emissions breach stoichiometric calcination / carbothermic reduction lower bound under declared production.,0.81,-0.49,1,0.34,7,1.0,real_sentinel5p,SATELLITE_CONCORDANT,802666.7,44446.2,-12.16,0.9,0.95
CASE_045_HISTORICAL_DROP,https://registry.gdi-de.org/id/de.bw.lubw.inspire.pf/pf-450-4650956-00000000,Schwenk Zement ,Cement,Germany,2023,1.05,819000.0,0.78,Dry Kiln with Preheater/Precalciner,Dry Kiln with Precalciner,802666.7,633771.0,0.7738,HISTORICAL_DROP_ANOMALY,-21.0,1,Historical_Fingerprint,Longitudinal drop anomaly (Z = -3.80 sigma below 5-year facility trajectory) with unchanged production volume.,0.81,-0.036,1,0.34,7,1.0,real_sentinel5p,SATELLITE_CONCORDANT,802666.7,44446.2,-3.8,0.9,0.95
CASE_046_BASELINE,https://registry.gdi-de.org/id/de.bw.lubw.inspire.pf/pf-450-4664299-00000000,HeidelbergCement ,Cement,Germany,2022,1.2,984000.0,0.82,Dry Kiln with Preheater/Precalciner,Dry Kiln with Precalciner,802800.0,802800.0,0.8159,BASELINE_CONCORDANT,0.0,0,None,"Authentic reference observation; all independent physical, historical, and satellite indicators concordant.",0.81,0.006,0,0.0,0,0.0,no_data,INSUFFICIENT_EVIDENCE,802800.0,114051.3,0.0,0.9,0.95
CASE_047_PHYSICAL_VIOLATION,https://registry.gdi-de.org/id/de.bw.lubw.inspire.pf/pf-450-4664299-00000000,HeidelbergCement ,Cement,Germany,2022,1.2,984000.0,0.82,Dry Kiln with Preheater/Precalciner,Dry Kiln with Precalciner,802800.0,314880.0,0.32,PHYSICAL_BOUND_VIOLATION,-60.8,1,"Stoichiometry, Historical_Fingerprint",Declared emissions breach stoichiometric calcination / carbothermic reduction lower bound under declared production.,0.81,-0.49,1,0.0,0,0.0,no_data,INSUFFICIENT_EVIDENCE,802800.0,114051.3,-4.28,0.9,0.95
CASE_048_HISTORICAL_DROP,https://registry.gdi-de.org/id/de.bw.lubw.inspire.pf/pf-450-4664299-00000000,HeidelbergCement ,Cement,Germany,2022,1.2,984000.0,0.82,Dry Kiln with Preheater/Precalciner,Dry Kiln with Precalciner,802800.0,369405.0,0.3754,HISTORICAL_DROP_ANOMALY,-54.0,1,Historical_Fingerprint,Longitudinal drop anomaly (Z = -3.80 sigma below 5-year facility trajectory) with unchanged production volume.,0.81,-0.435,1,0.0,0,0.0,no_data,INSUFFICIENT_EVIDENCE,802800.0,114051.3,-3.8,0.9,0.95
CASE_049_BASELINE,https://registry.gdi-de.org/id/de.by.inspire.pf.ied/S00242,Zementwerk Rohrdorf,Cement,Germany,2023,1.15,920000.0,0.8,Dry Kiln with Preheater/Precalciner,Dry Kiln with Precalciner,794833.3,794833.3,0.8639,BASELINE_CONCORDANT,0.0,0,None,"Authentic reference observation; all independent physical, historical, and satellite indicators concordant.",0.81,0.054,0,0.28,8,1.0,real_sentinel5p,SATELLITE_CONCORDANT,794833.3,94508.0,0.0,0.9,0.95
CASE_050_PHYSICAL_VIOLATION,https://registry.gdi-de.org/id/de.by.inspire.pf.ied/S00242,Zementwerk Rohrdorf,Cement,Germany,2023,1.15,920000.0,0.8,Dry Kiln with Preheater/Precalciner,Dry Kiln with Precalciner,794833.3,294400.0,0.32,PHYSICAL_BOUND_VIOLATION,-63.0,1,"Stoichiometry, Historical_Fingerprint",Declared emissions breach stoichiometric calcination / carbothermic reduction lower bound under declared production.,0.81,-0.49,1,0.28,8,1.0,real_sentinel5p,SATELLITE_CONCORDANT,794833.3,94508.0,-5.3,0.9,0.95
CASE_051_HISTORICAL_DROP,https://registry.gdi-de.org/id/de.by.inspire.pf.ied/S00242,Zementwerk Rohrdorf,Cement,Germany,2023,1.15,920000.0,0.8,Dry Kiln with Preheater/Precalciner,Dry Kiln with Precalciner,794833.3,435702.8,0.4736,HISTORICAL_DROP_ANOMALY,-45.2,1,Historical_Fingerprint,Longitudinal drop anomaly (Z = -3.80 sigma below 5-year facility trajectory) with unchanged production volume.,0.81,-0.337,1,0.28,8,1.0,real_sentinel5p,SATELLITE_CONCORDANT,794833.3,94508.0,-3.8,0.9,0.95
CASE_052_BASELINE,https://registry.gdi-de.org/id/de.by.inspire.pf.ied/S00600,"Heidelberg Materials AG, Zementwerk Burglengenfeld",Cement,Germany,2023,1.1,858000.0,0.78,Dry Kiln with Preheater/Precalciner,Dry Kiln with Precalciner,894500.0,894500.0,1.0425,BASELINE_CONCORDANT,0.0,0,None,"Authentic reference observation; all independent physical, historical, and satellite indicators concordant.",0.81,0.232,0,0.34,8,1.0,real_sentinel5p,SATELLITE_CONCORDANT,894500.0,141467.7,0.0,0.9,0.95
CASE_053_PHYSICAL_VIOLATION,https://registry.gdi-de.org/id/de.by.inspire.pf.ied/S00600,"Heidelberg Materials AG, Zementwerk Burglengenfeld",Cement,Germany,2023,1.1,858000.0,0.78,Dry Kiln with Preheater/Precalciner,Dry Kiln with Precalciner,894500.0,274560.0,0.32,PHYSICAL_BOUND_VIOLATION,-69.3,1,"Stoichiometry, Historical_Fingerprint",Declared emissions breach stoichiometric calcination / carbothermic reduction lower bound under declared production.,0.81,-0.49,1,0.34,8,1.0,real_sentinel5p,SATELLITE_CONCORDANT,894500.0,141467.7,-4.38,0.9,0.95
CASE_054_HISTORICAL_DROP,https://registry.gdi-de.org/id/de.by.inspire.pf.ied/S00600,"Heidelberg Materials AG, Zementwerk Burglengenfeld",Cement,Germany,2023,1.1,858000.0,0.78,Dry Kiln with Preheater/Precalciner,Dry Kiln with Precalciner,894500.0,402525.0,0.4691,HISTORICAL_DROP_ANOMALY,-55.0,1,Historical_Fingerprint,Longitudinal drop anomaly (Z = -3.48 sigma below 5-year facility trajectory) with unchanged production volume.,0.81,-0.341,1,0.34,8,1.0,real_sentinel5p,SATELLITE_CONCORDANT,894500.0,141467.7,-3.48,0.9,0.95
CASE_055_BASELINE,https://registry.gdi-de.org/id/de.by.inspire.pf.ied/S00935,"Heidelberg Materials AG, Zementwerk Lengfurt",Cement,Germany,2023,1.0,780000.0,0.78,Dry Kiln with Preheater/Precalciner,Dry Kiln with Precalciner,764000.0,764000.0,0.9795,BASELINE_CONCORDANT,0.0,0,None,"Authentic reference observation; all independent physical, historical, and satellite indicators concordant.",0.81,0.169,0,0.48,5,1.0,real_sentinel5p,SATELLITE_CONCORDANT,764000.0,49408.5,0.0,0.9,0.95
CASE_056_PHYSICAL_VIOLATION,https://registry.gdi-de.org/id/de.by.inspire.pf.ied/S00935,"Heidelberg Materials AG, Zementwerk Lengfurt",Cement,Germany,2023,1.0,780000.0,0.78,Dry Kiln with Preheater/Precalciner,Dry Kiln with Precalciner,764000.0,249600.0,0.32,PHYSICAL_BOUND_VIOLATION,-67.3,1,"Stoichiometry, Historical_Fingerprint",Declared emissions breach stoichiometric calcination / carbothermic reduction lower bound under declared production.,0.81,-0.49,1,0.48,5,1.0,real_sentinel5p,SATELLITE_CONCORDANT,764000.0,49408.5,-10.41,0.9,0.95
CASE_057_HISTORICAL_DROP,https://registry.gdi-de.org/id/de.by.inspire.pf.ied/S00935,"Heidelberg Materials AG, Zementwerk Lengfurt",Cement,Germany,2023,1.0,780000.0,0.78,Dry Kiln with Preheater/Precalciner,Dry Kiln with Precalciner,764000.0,576247.7,0.7388,HISTORICAL_DROP_ANOMALY,-24.6,1,Historical_Fingerprint,Longitudinal drop anomaly (Z = -3.80 sigma below 5-year facility trajectory) with unchanged production volume.,0.81,-0.072,1,0.48,5,1.0,real_sentinel5p,SATELLITE_CONCORDANT,764000.0,49408.5,-3.8,0.9,0.95
CASE_058_BASELINE,https://registry.gdi-de.org/id/de.hb/de.hb.pf.bube-eureg.06-04-11/2005382/5/0,ArcelorMittal Bremen GmbH ,Steel,Germany,2023,3.6,1368000.0,0.38,BF-BOF (Integrated Blast Furnace - Basic Oxygen Furnace),BF-BOF,2397833.3,2397833.3,1.7528,BASELINE_CONCORDANT,0.0,0,None,"Authentic reference observation; all independent physical, historical, and satellite indicators concordant.",1.155,0.598,0,0.7,6,1.0,real_sentinel5p,SATELLITE_CONCORDANT,2397833.3,199319.3,0.0,0.9,0.95
CASE_059_PHYSICAL_VIOLATION,https://registry.gdi-de.org/id/de.hb/de.hb.pf.bube-eureg.06-04-11/2005382/5/0,ArcelorMittal Bremen GmbH ,Steel,Germany,2023,3.6,1368000.0,0.38,BF-BOF (Integrated Blast Furnace - Basic Oxygen Furnace),BF-BOF,2397833.3,889200.0,0.65,PHYSICAL_BOUND_VIOLATION,-62.9,1,"Stoichiometry, Historical_Fingerprint",Declared emissions breach stoichiometric calcination / carbothermic reduction lower bound under declared production.,1.155,-0.505,1,0.7,6,1.0,real_sentinel5p,SATELLITE_CONCORDANT,2397833.3,199319.3,-7.57,0.9,0.95
CASE_060_HISTORICAL_DROP,https://registry.gdi-de.org/id/de.hb/de.hb.pf.bube-eureg.06-04-11/2005382/5/0,ArcelorMittal Bremen GmbH ,Steel,Germany,2023,3.6,1368000.0,0.38,BF-BOF (Integrated Blast Furnace - Basic Oxygen Furnace),BF-BOF,2397833.3,1640420.2,1.1991,HISTORICAL_DROP_ANOMALY,-31.6,1,Historical_Fingerprint,Longitudinal drop anomaly (Z = -3.80 sigma below 5-year facility trajectory) with unchanged production volume.,1.155,0.044,0,0.7,6,1.0,real_sentinel5p,SATELLITE_CONCORDANT,2397833.3,199319.3,-3.8,0.9,0.95
CASE_061_ROUTE_MISCLASS,https://registry.gdi-de.org/id/de.hb/de.hb.pf.bube-eureg.06-04-11/2005382/5/0,ArcelorMittal Bremen GmbH ,Steel,Germany,2023,3.6,1368000.0,0.38,BF-BOF (Integrated Blast Furnace - Basic Oxygen Furnace),Scrap-EAF,2397833.3,478800.0,0.35,ROUTE_MISCLASSIFICATION,-80.0,1,"Stoichiometry, Historical_Fingerprint, Registry",Controlled route-mismatch case constructed from facility with independently documented primary BF-BOF route declaring secondary Scrap-EAF route.,0.04,0.31,0,0.7,6,1.0,real_sentinel5p,SATELLITE_CONCORDANT,2397833.3,199319.3,-9.63,0.9,0.95
CASE_062_BASELINE,https://registry.gdi-de.org/id/de.ni.mu/01211092310,Salzgitter Flachstahl GmbH ,Steel,Germany,2023,4.7,4042000.0,0.86,BF-BOF (Integrated Blast Furnace - Basic Oxygen Furnace),BF-BOF,7534333.3,7534333.3,1.864,BASELINE_CONCORDANT,0.0,0,None,"Authentic reference observation; all independent physical, historical, and satellite indicators concordant.",1.155,0.709,0,1.18,6,1.0,real_sentinel5p,SATELLITE_CONCORDANT,7534333.3,443369.7,0.0,0.9,0.95
CASE_063_PHYSICAL_VIOLATION,https://registry.gdi-de.org/id/de.ni.mu/01211092310,Salzgitter Flachstahl GmbH ,Steel,Germany,2023,4.7,4042000.0,0.86,BF-BOF (Integrated Blast Furnace - Basic Oxygen Furnace),BF-BOF,7534333.3,2627300.0,0.65,PHYSICAL_BOUND_VIOLATION,-65.1,1,"Stoichiometry, Historical_Fingerprint",Declared emissions breach stoichiometric calcination / carbothermic reduction lower bound under declared production.,1.155,-0.505,1,1.18,6,1.0,real_sentinel5p,SATELLITE_CONCORDANT,7534333.3,443369.7,-11.07,0.9,0.95
CASE_064_HISTORICAL_DROP,https://registry.gdi-de.org/id/de.ni.mu/01211092310,Salzgitter Flachstahl GmbH ,Steel,Germany,2023,4.7,4042000.0,0.86,BF-BOF (Integrated Blast Furnace - Basic Oxygen Furnace),BF-BOF,7534333.3,5849528.6,1.4472,HISTORICAL_DROP_ANOMALY,-22.4,1,Historical_Fingerprint,Longitudinal drop anomaly (Z = -3.80 sigma below 5-year facility trajectory) with unchanged production volume.,1.155,0.292,0,1.18,6,1.0,real_sentinel5p,SATELLITE_CONCORDANT,7534333.3,443369.7,-3.8,0.9,0.95
CASE_065_ROUTE_MISCLASS,https://registry.gdi-de.org/id/de.ni.mu/01211092310,Salzgitter Flachstahl GmbH ,Steel,Germany,2023,4.7,4042000.0,0.86,BF-BOF (Integrated Blast Furnace - Basic Oxygen Furnace),Scrap-EAF,7534333.3,1414700.0,0.35,ROUTE_MISCLASSIFICATION,-81.2,1,"Stoichiometry, Historical_Fingerprint, Registry",Controlled route-mismatch case constructed from facility with independently documented primary BF-BOF route declaring secondary Scrap-EAF route.,0.04,0.31,0,1.18,6,1.0,real_sentinel5p,SATELLITE_CONCORDANT,7534333.3,443369.7,-13.8,0.9,0.95
CASE_066_BASELINE,https://registry.gdi-de.org/id/de.ni.mu/10285005160,Georgsmarienhütte GmbH ,Steel,Germany,2023,1.0,750000.0,0.75,Scrap-EAF (Direct Current Electric Arc Furnace),Scrap-EAF,162333.3,162333.3,0.2164,BASELINE_CONCORDANT,0.0,0,None,"Authentic reference observation; all independent physical, historical, and satellite indicators concordant.",0.04,0.176,0,0.05,6,1.0,real_sentinel5p,ANOMALY_LOW_ACTIVITY_REPORTED_FULL,162333.3,10670.8,0.0,0.9,0.95
CASE_067_PHYSICAL_VIOLATION,https://registry.gdi-de.org/id/de.ni.mu/10285005160,Georgsmarienhütte GmbH ,Steel,Germany,2023,1.0,750000.0,0.75,Scrap-EAF (Direct Current Electric Arc Furnace),Scrap-EAF,162333.3,15000.0,0.02,PHYSICAL_BOUND_VIOLATION,-90.8,1,"Stoichiometry, Historical_Fingerprint",Declared emissions breach stoichiometric calcination / carbothermic reduction lower bound under declared production.,0.04,-0.02,1,0.05,6,1.0,real_sentinel5p,ANOMALY_LOW_ACTIVITY_REPORTED_FULL,162333.3,10670.8,-13.81,0.9,0.95
CASE_068_HISTORICAL_DROP,https://registry.gdi-de.org/id/de.ni.mu/10285005160,Georgsmarienhütte GmbH ,Steel,Germany,2023,1.0,750000.0,0.75,Scrap-EAF (Direct Current Electric Arc Furnace),Scrap-EAF,162333.3,121784.2,0.1624,HISTORICAL_DROP_ANOMALY,-25.0,1,Historical_Fingerprint,Longitudinal drop anomaly (Z = -3.80 sigma below 5-year facility trajectory) with unchanged production volume.,0.04,0.122,0,0.05,6,1.0,real_sentinel5p,ANOMALY_LOW_ACTIVITY_REPORTED_FULL,162333.3,10670.8,-3.8,0.9,0.95
CASE_069_BASELINE,https://registry.gdi-de.org/id/de.nw.inspire.pf.bube-eureg/arb-2017-112000-100-0077961,Hüttenwerke Krupp Mannesmann GmbH,Steel,Germany,2023,5.6,2520000.0,0.45,BF-BOF (Integrated Blast Furnace - Basic Oxygen Furnace),BF-BOF,4632166.7,4632166.7,1.8382,BASELINE_CONCORDANT,0.0,0,None,"Authentic reference observation; all independent physical, historical, and satellite indicators concordant.",1.155,0.683,0,2.01,6,1.0,real_sentinel5p,SATELLITE_CONCORDANT,4632166.7,477620.9,0.0,0.9,0.95
CASE_070_PHYSICAL_VIOLATION,https://registry.gdi-de.org/id/de.nw.inspire.pf.bube-eureg/arb-2017-112000-100-0077961,Hüttenwerke Krupp Mannesmann GmbH,Steel,Germany,2023,5.6,2520000.0,0.45,BF-BOF (Integrated Blast Furnace - Basic Oxygen Furnace),BF-BOF,4632166.7,1638000.0,0.65,PHYSICAL_BOUND_VIOLATION,-64.6,1,"Stoichiometry, Historical_Fingerprint",Declared emissions breach stoichiometric calcination / carbothermic reduction lower bound under declared production.,1.155,-0.505,1,2.01,6,1.0,real_sentinel5p,SATELLITE_CONCORDANT,4632166.7,477620.9,-6.27,0.9,0.95
CASE_071_HISTORICAL_DROP,https://registry.gdi-de.org/id/de.nw.inspire.pf.bube-eureg/arb-2017-112000-100-0077961,Hüttenwerke Krupp Mannesmann GmbH,Steel,Germany,2023,5.6,2520000.0,0.45,BF-BOF (Integrated Blast Furnace - Basic Oxygen Furnace),BF-BOF,4632166.7,2817207.1,1.1179,HISTORICAL_DROP_ANOMALY,-39.2,1,Historical_Fingerprint,Longitudinal drop anomaly (Z = -3.80 sigma below 5-year facility trajectory) with unchanged production volume.,1.155,-0.037,0,2.01,6,1.0,real_sentinel5p,SATELLITE_CONCORDANT,4632166.7,477620.9,-3.8,0.9,0.95
CASE_072_ROUTE_MISCLASS,https://registry.gdi-de.org/id/de.nw.inspire.pf.bube-eureg/arb-2017-112000-100-0077961,Hüttenwerke Krupp Mannesmann GmbH,Steel,Germany,2023,5.6,2520000.0,0.45,BF-BOF (Integrated Blast Furnace - Basic Oxygen Furnace),Scrap-EAF,4632166.7,882000.0,0.35,ROUTE_MISCLASSIFICATION,-81.0,1,"Stoichiometry, Historical_Fingerprint, Registry",Controlled route-mismatch case constructed from facility with independently documented primary BF-BOF route declaring secondary Scrap-EAF route.,0.04,0.31,0,2.01,6,1.0,real_sentinel5p,SATELLITE_CONCORDANT,4632166.7,477620.9,-7.85,0.9,0.95
CASE_073_BASELINE,https://registry.gdi-de.org/id/de.nw.inspire.pf.bube-eureg/arb-2017-112000-100-0209697,thyssenkrupp Steel Europe AG Werk Bruckhausen,Steel,Germany,2023,5.8,4640000.0,0.8,BOF Converter Steelmaking & Continuous Casting,Scrap-EAF,502333.3,502333.3,0.1083,BASELINE_CONCORDANT,0.0,0,None,"Authentic reference observation; all independent physical, historical, and satellite indicators concordant.",0.04,0.068,0,2.41,5,1.0,real_sentinel5p,SATELLITE_CONCORDANT,502333.3,16058.2,0.0,0.9,0.95
CASE_074_PHYSICAL_VIOLATION,https://registry.gdi-de.org/id/de.nw.inspire.pf.bube-eureg/arb-2017-112000-100-0209697,thyssenkrupp Steel Europe AG Werk Bruckhausen,Steel,Germany,2023,5.8,4640000.0,0.8,BOF Converter Steelmaking & Continuous Casting,Scrap-EAF,502333.3,92800.0,0.02,PHYSICAL_BOUND_VIOLATION,-81.5,1,"Stoichiometry, Historical_Fingerprint",Declared emissions breach stoichiometric calcination / carbothermic reduction lower bound under declared production.,0.04,-0.02,1,2.41,5,1.0,real_sentinel5p,SATELLITE_CONCORDANT,502333.3,16058.2,-25.5,0.9,0.95
CASE_075_HISTORICAL_DROP,https://registry.gdi-de.org/id/de.nw.inspire.pf.bube-eureg/arb-2017-112000-100-0209697,thyssenkrupp Steel Europe AG Werk Bruckhausen,Steel,Germany,2023,5.8,4640000.0,0.8,BOF Converter Steelmaking & Continuous Casting,Scrap-EAF,502333.3,441312.1,0.0951,HISTORICAL_DROP_ANOMALY,-12.1,1,Historical_Fingerprint,Longitudinal drop anomaly (Z = -3.80 sigma below 5-year facility trajectory) with unchanged production volume.,0.04,0.055,0,2.41,5,1.0,real_sentinel5p,SATELLITE_CONCORDANT,502333.3,16058.2,-3.8,0.9,0.95
CASE_076_BASELINE,https://registry.gdi-de.org/id/de.nw.inspire.pf.bube-eureg/arb-2017-112000-100-0209707,thyssenkrupp Steel Europe AG Werk Beeckerwerth,Steel,Germany,2023,2.5,2000000.0,0.8,Downstream Rolling & Surface Coating (Integrated Complex),Scrap-EAF,806333.3,806333.3,0.4032,BASELINE_CONCORDANT,0.0,0,None,"Authentic reference observation; all independent physical, historical, and satellite indicators concordant.",0.04,0.363,0,2.32,6,1.0,real_sentinel5p,SATELLITE_CONCORDANT,806333.3,72945.6,0.0,0.9,0.95
CASE_077_PHYSICAL_VIOLATION,https://registry.gdi-de.org/id/de.nw.inspire.pf.bube-eureg/arb-2017-112000-100-0209707,thyssenkrupp Steel Europe AG Werk Beeckerwerth,Steel,Germany,2023,2.5,2000000.0,0.8,Downstream Rolling & Surface Coating (Integrated Complex),Scrap-EAF,806333.3,40000.0,0.02,PHYSICAL_BOUND_VIOLATION,-95.0,1,"Stoichiometry, Historical_Fingerprint",Declared emissions breach stoichiometric calcination / carbothermic reduction lower bound under declared production.,0.04,-0.02,1,2.32,6,1.0,real_sentinel5p,SATELLITE_CONCORDANT,806333.3,72945.6,-10.51,0.9,0.95
CASE_078_HISTORICAL_DROP,https://registry.gdi-de.org/id/de.nw.inspire.pf.bube-eureg/arb-2017-112000-100-0209707,thyssenkrupp Steel Europe AG Werk Beeckerwerth,Steel,Germany,2023,2.5,2000000.0,0.8,Downstream Rolling & Surface Coating (Integrated Complex),Scrap-EAF,806333.3,529139.9,0.2646,HISTORICAL_DROP_ANOMALY,-34.4,1,Historical_Fingerprint,Longitudinal drop anomaly (Z = -3.80 sigma below 5-year facility trajectory) with unchanged production volume.,0.04,0.225,0,2.32,6,1.0,real_sentinel5p,SATELLITE_CONCORDANT,806333.3,72945.6,-3.8,0.9,0.95
CASE_079_BASELINE,https://registry.gdi-de.org/id/de.nw.inspire.pf.bube-eureg/arb-2017-112000-100-0215455,thyssenkrupp Steel Europe AG Werk Hamborn,Steel,Germany,2023,7.2,864000.0,0.12,BF-BOF (Integrated Ironmaking: Blast Furnaces Schwelgern),BF-BOF,1269500.0,1269500.0,1.4693,BASELINE_CONCORDANT,0.0,0,None,"Authentic reference observation; all independent physical, historical, and satellite indicators concordant.",1.155,0.314,0,2.46,5,1.0,real_sentinel5p,SATELLITE_CONCORDANT,1269500.0,55258.5,0.0,0.9,0.95
CASE_080_PHYSICAL_VIOLATION,https://registry.gdi-de.org/id/de.nw.inspire.pf.bube-eureg/arb-2017-112000-100-0215455,thyssenkrupp Steel Europe AG Werk Hamborn,Steel,Germany,2023,7.2,864000.0,0.12,BF-BOF (Integrated Ironmaking: Blast Furnaces Schwelgern),BF-BOF,1269500.0,561600.0,0.65,PHYSICAL_BOUND_VIOLATION,-55.8,1,"Stoichiometry, Historical_Fingerprint",Declared emissions breach stoichiometric calcination / carbothermic reduction lower bound under declared production.,1.155,-0.505,1,2.46,5,1.0,real_sentinel5p,SATELLITE_CONCORDANT,1269500.0,55258.5,-12.81,0.9,0.95
CASE_081_HISTORICAL_DROP,https://registry.gdi-de.org/id/de.nw.inspire.pf.bube-eureg/arb-2017-112000-100-0215455,thyssenkrupp Steel Europe AG Werk Hamborn,Steel,Germany,2023,7.2,864000.0,0.12,BF-BOF (Integrated Ironmaking: Blast Furnaces Schwelgern),BF-BOF,1269500.0,1059517.8,1.2263,HISTORICAL_DROP_ANOMALY,-16.5,1,Historical_Fingerprint,Longitudinal drop anomaly (Z = -3.80 sigma below 5-year facility trajectory) with unchanged production volume.,1.155,0.071,0,2.46,5,1.0,real_sentinel5p,SATELLITE_CONCORDANT,1269500.0,55258.5,-3.8,0.9,0.95
CASE_082_ROUTE_MISCLASS,https://registry.gdi-de.org/id/de.nw.inspire.pf.bube-eureg/arb-2017-112000-100-0215455,thyssenkrupp Steel Europe AG Werk Hamborn,Steel,Germany,2023,7.2,864000.0,0.12,BF-BOF (Integrated Ironmaking: Blast Furnaces Schwelgern),Scrap-EAF,1269500.0,302400.0,0.35,ROUTE_MISCLASSIFICATION,-76.2,1,"Stoichiometry, Historical_Fingerprint, Registry",Controlled route-mismatch case constructed from facility with independently documented primary BF-BOF route declaring secondary Scrap-EAF route.,0.04,0.31,0,2.46,5,1.0,real_sentinel5p,SATELLITE_CONCORDANT,1269500.0,55258.5,-17.5,0.9,0.95
CASE_083_BASELINE,https://registry.gdi-de.org/id/de.nw.inspire.pf.bube-eureg/arb-2017-112000-100-0388700,DK Recycling und Roheisen GmbH,Steel,Germany,2023,0.35,280000.0,0.8,Specialized Recycling Blast Furnace (Foundry Pig Iron),BF-BOF,571333.3,571333.3,2.0405,BASELINE_CONCORDANT,0.0,0,None,"Authentic reference observation; all independent physical, historical, and satellite indicators concordant.",1.155,0.885,0,2.34,6,1.0,real_sentinel5p,SATELLITE_CONCORDANT,571333.3,55431.6,0.0,0.9,0.95
CASE_084_PHYSICAL_VIOLATION,https://registry.gdi-de.org/id/de.nw.inspire.pf.bube-eureg/arb-2017-112000-100-0388700,DK Recycling und Roheisen GmbH,Steel,Germany,2023,0.35,280000.0,0.8,Specialized Recycling Blast Furnace (Foundry Pig Iron),BF-BOF,571333.3,182000.0,0.65,PHYSICAL_BOUND_VIOLATION,-68.1,1,"Stoichiometry, Historical_Fingerprint",Declared emissions breach stoichiometric calcination / carbothermic reduction lower bound under declared production.,1.155,-0.505,1,2.34,6,1.0,real_sentinel5p,SATELLITE_CONCORDANT,571333.3,55431.6,-7.02,0.9,0.95
CASE_085_HISTORICAL_DROP,https://registry.gdi-de.org/id/de.nw.inspire.pf.bube-eureg/arb-2017-112000-100-0388700,DK Recycling und Roheisen GmbH,Steel,Germany,2023,0.35,280000.0,0.8,Specialized Recycling Blast Furnace (Foundry Pig Iron),BF-BOF,571333.3,360693.1,1.2882,HISTORICAL_DROP_ANOMALY,-36.9,1,Historical_Fingerprint,Longitudinal drop anomaly (Z = -3.80 sigma below 5-year facility trajectory) with unchanged production volume.,1.155,0.133,0,2.34,6,1.0,real_sentinel5p,SATELLITE_CONCORDANT,571333.3,55431.6,-3.8,0.9,0.95
CASE_086_ROUTE_MISCLASS,https://registry.gdi-de.org/id/de.nw.inspire.pf.bube-eureg/arb-2017-112000-100-0388700,DK Recycling und Roheisen GmbH,Steel,Germany,2023,0.35,280000.0,0.8,Specialized Recycling Blast Furnace (Foundry Pig Iron),Scrap-EAF,571333.3,98000.0,0.35,ROUTE_MISCLASSIFICATION,-82.8,1,"Stoichiometry, Historical_Fingerprint, Registry",Controlled route-mismatch case constructed from facility with independently documented primary BF-BOF route declaring secondary Scrap-EAF route.,0.04,0.31,0,2.34,6,1.0,real_sentinel5p,SATELLITE_CONCORDANT,571333.3,55431.6,-8.54,0.9,0.95
CASE_087_BASELINE,https://registry.gdi-de.org/id/de.nw.inspire.pf.bube-eureg/arb-2017-112000-100-9973329,ArcelorMittal Hochfeld GmbH,Steel,Germany,2023,1.05,861000.0,0.82,Scrap-EAF (Electric Arc Furnace) Wire Rod Production,Scrap-EAF,238166.7,238166.7,0.2766,BASELINE_CONCORDANT,0.0,0,None,"Authentic reference observation; all independent physical, historical, and satellite indicators concordant.",0.04,0.237,0,2.31,5,1.0,real_sentinel5p,SATELLITE_CONCORDANT,238166.7,21442.2,0.0,0.9,0.95
CASE_088_PHYSICAL_VIOLATION,https://registry.gdi-de.org/id/de.nw.inspire.pf.bube-eureg/arb-2017-112000-100-9973329,ArcelorMittal Hochfeld GmbH,Steel,Germany,2023,1.05,861000.0,0.82,Scrap-EAF (Electric Arc Furnace) Wire Rod Production,Scrap-EAF,238166.7,17220.0,0.02,PHYSICAL_BOUND_VIOLATION,-92.8,1,"Stoichiometry, Historical_Fingerprint",Declared emissions breach stoichiometric calcination / carbothermic reduction lower bound under declared production.,0.04,-0.02,1,2.31,5,1.0,real_sentinel5p,SATELLITE_CONCORDANT,238166.7,21442.2,-10.3,0.9,0.95
CASE_089_HISTORICAL_DROP,https://registry.gdi-de.org/id/de.nw.inspire.pf.bube-eureg/arb-2017-112000-100-9973329,ArcelorMittal Hochfeld GmbH,Steel,Germany,2023,1.05,861000.0,0.82,Scrap-EAF (Electric Arc Furnace) Wire Rod Production,Scrap-EAF,238166.7,156686.4,0.182,HISTORICAL_DROP_ANOMALY,-34.2,1,Historical_Fingerprint,Longitudinal drop anomaly (Z = -3.80 sigma below 5-year facility trajectory) with unchanged production volume.,0.04,0.142,0,2.31,5,1.0,real_sentinel5p,SATELLITE_CONCORDANT,238166.7,21442.2,-3.8,0.9,0.95
CASE_090_BASELINE,https://registry.gdi-de.org/id/de.nw.inspire.pf.bube-eureg/arb-2017-566040-500-0106867,Dyckerhoff GmbH,Cement,Germany,2023,1.2,912000.0,0.76,Dry Kiln with Preheater/Precalciner,Dry Kiln with Precalciner,1068833.3,1068833.3,1.172,BASELINE_CONCORDANT,0.0,0,None,"Authentic reference observation; all independent physical, historical, and satellite indicators concordant.",0.81,0.362,0,0.21,6,1.0,real_sentinel5p,SATELLITE_CONCORDANT,1068833.3,113895.4,0.0,0.9,0.95
CASE_091_PHYSICAL_VIOLATION,https://registry.gdi-de.org/id/de.nw.inspire.pf.bube-eureg/arb-2017-566040-500-0106867,Dyckerhoff GmbH,Cement,Germany,2023,1.2,912000.0,0.76,Dry Kiln with Preheater/Precalciner,Dry Kiln with Precalciner,1068833.3,291840.0,0.32,PHYSICAL_BOUND_VIOLATION,-72.7,1,"Stoichiometry, Historical_Fingerprint",Declared emissions breach stoichiometric calcination / carbothermic reduction lower bound under declared production.,0.81,-0.49,1,0.21,6,1.0,real_sentinel5p,SATELLITE_CONCORDANT,1068833.3,113895.4,-6.82,0.9,0.95
CASE_092_HISTORICAL_DROP,https://registry.gdi-de.org/id/de.nw.inspire.pf.bube-eureg/arb-2017-566040-500-0106867,Dyckerhoff GmbH,Cement,Germany,2023,1.2,912000.0,0.76,Dry Kiln with Preheater/Precalciner,Dry Kiln with Precalciner,1068833.3,636030.7,0.6974,HISTORICAL_DROP_ANOMALY,-40.5,1,Historical_Fingerprint,Longitudinal drop anomaly (Z = -3.80 sigma below 5-year facility trajectory) with unchanged production volume.,0.81,-0.113,1,0.21,6,1.0,real_sentinel5p,SATELLITE_CONCORDANT,1068833.3,113895.4,-3.8,0.9,0.95
CASE_093_BASELINE,https://registry.gdi-de.org/id/de.rp.inspire.pf.bube-eureg/5000164,Dyckerhoff GmbH,Cement,Germany,2023,0.95,722000.0,0.76,Dry Kiln with Preheater/Precalciner,Dry Kiln with Precalciner,755333.3,755333.3,1.0462,BASELINE_CONCORDANT,0.0,0,None,"Authentic reference observation; all independent physical, historical, and satellite indicators concordant.",0.81,0.236,0,0.45,7,1.0,real_sentinel5p,SATELLITE_CONCORDANT,755333.3,44844.9,0.0,0.9,0.95
CASE_094_PHYSICAL_VIOLATION,https://registry.gdi-de.org/id/de.rp.inspire.pf.bube-eureg/5000164,Dyckerhoff GmbH,Cement,Germany,2023,0.95,722000.0,0.76,Dry Kiln with Preheater/Precalciner,Dry Kiln with Precalciner,755333.3,231040.0,0.32,PHYSICAL_BOUND_VIOLATION,-69.4,1,"Stoichiometry, Historical_Fingerprint",Declared emissions breach stoichiometric calcination / carbothermic reduction lower bound under declared production.,0.81,-0.49,1,0.45,7,1.0,real_sentinel5p,SATELLITE_CONCORDANT,755333.3,44844.9,-11.69,0.9,0.95
CASE_095_HISTORICAL_DROP,https://registry.gdi-de.org/id/de.rp.inspire.pf.bube-eureg/5000164,Dyckerhoff GmbH,Cement,Germany,2023,0.95,722000.0,0.76,Dry Kiln with Preheater/Precalciner,Dry Kiln with Precalciner,755333.3,584922.6,0.8101,HISTORICAL_DROP_ANOMALY,-22.6,1,Historical_Fingerprint,Longitudinal drop anomaly (Z = -3.80 sigma below 5-year facility trajectory) with unchanged production volume.,0.81,-0.0,0,0.45,7,1.0,real_sentinel5p,SATELLITE_CONCORDANT,755333.3,44844.9,-3.8,0.9,0.95
CASE_096_BASELINE,https://registry.gdi-de.org/id/de.sh/10038078,Holcim (Deutschland) GmbH ,Cement,Germany,2023,1.2,960000.0,0.8,Semi-Dry / Preheater Kiln (Oxyfuel Conversion Project),Dry Kiln with Precalciner,1034000.0,1034000.0,1.0771,BASELINE_CONCORDANT,0.0,0,None,"Authentic reference observation; all independent physical, historical, and satellite indicators concordant.",0.81,0.267,0,0.71,5,1.0,real_sentinel5p,SATELLITE_CONCORDANT,1034000.0,49461.1,0.0,0.9,0.95
CASE_097_PHYSICAL_VIOLATION,https://registry.gdi-de.org/id/de.sh/10038078,Holcim (Deutschland) GmbH ,Cement,Germany,2023,1.2,960000.0,0.8,Semi-Dry / Preheater Kiln (Oxyfuel Conversion Project),Dry Kiln with Precalciner,1034000.0,307200.0,0.32,PHYSICAL_BOUND_VIOLATION,-70.3,1,"Stoichiometry, Historical_Fingerprint",Declared emissions breach stoichiometric calcination / carbothermic reduction lower bound under declared production.,0.81,-0.49,1,0.71,5,1.0,real_sentinel5p,SATELLITE_CONCORDANT,1034000.0,49461.1,-14.69,0.9,0.95
CASE_098_HISTORICAL_DROP,https://registry.gdi-de.org/id/de.sh/10038078,Holcim (Deutschland) GmbH ,Cement,Germany,2023,1.2,960000.0,0.8,Semi-Dry / Preheater Kiln (Oxyfuel Conversion Project),Dry Kiln with Precalciner,1034000.0,846047.8,0.8813,HISTORICAL_DROP_ANOMALY,-18.2,1,Historical_Fingerprint,Longitudinal drop anomaly (Z = -3.80 sigma below 5-year facility trajectory) with unchanged production volume.,0.81,0.071,0,0.71,5,1.0,real_sentinel5p,SATELLITE_CONCORDANT,1034000.0,49461.1,-3.8,0.9,0.95
CASE_099_BASELINE,https://registry.gdi-de.org/id/de.th/5bf25e39-19d5-4254-adac-63f1b1cec499/77012792,"Dyckerhoff GmbH, Werk Deuna ",Cement,Germany,2023,1.5,1170000.0,0.78,Dry Kiln with Preheater/Precalciner,Dry Kiln with Precalciner,1099833.3,1099833.3,0.94,BASELINE_CONCORDANT,0.0,0,None,"Authentic reference observation; all independent physical, historical, and satellite indicators concordant.",0.81,0.13,0,-1.03,5,1.0,real_sentinel5p,ANOMALY_LOW_ACTIVITY_REPORTED_FULL,1099833.3,106715.4,0.0,0.9,0.95
CASE_100_PHYSICAL_VIOLATION,https://registry.gdi-de.org/id/de.th/5bf25e39-19d5-4254-adac-63f1b1cec499/77012792,"Dyckerhoff GmbH, Werk Deuna ",Cement,Germany,2023,1.5,1170000.0,0.78,Dry Kiln with Preheater/Precalciner,Dry Kiln with Precalciner,1099833.3,374400.0,0.32,PHYSICAL_BOUND_VIOLATION,-66.0,1,"Stoichiometry, Historical_Fingerprint",Declared emissions breach stoichiometric calcination / carbothermic reduction lower bound under declared production.,0.81,-0.49,1,-1.03,5,1.0,real_sentinel5p,ANOMALY_LOW_ACTIVITY_REPORTED_FULL,1099833.3,106715.4,-6.8,0.9,0.95
CASE_101_HISTORICAL_DROP,https://registry.gdi-de.org/id/de.th/5bf25e39-19d5-4254-adac-63f1b1cec499/77012792,"Dyckerhoff GmbH, Werk Deuna ",Cement,Germany,2023,1.5,1170000.0,0.78,Dry Kiln with Preheater/Precalciner,Dry Kiln with Precalciner,1099833.3,694315.0,0.5934,HISTORICAL_DROP_ANOMALY,-36.9,1,Historical_Fingerprint,Longitudinal drop anomaly (Z = -3.80 sigma below 5-year facility trajectory) with unchanged production volume.,0.81,-0.217,1,-1.03,5,1.0,real_sentinel5p,ANOMALY_LOW_ACTIVITY_REPORTED_FULL,1099833.3,106715.4,-3.8,0.9,0.95
