FacilityInspireId,facilityName,sector,country,city,verified_technology_route,is_integrated_clinker_plant,clinker_capacity_mtpa,cement_capacity_mtpa,primary_fuel,technology_source,technology_source_url,notes,crude_steel_capacity_mtpa,primary_iron_capacity_mtpa,typical_capacity_utilization_ratio,utilization_source_basis,source_publication_date,mapping_method
https://registry.gdi-de.org/id/de.bb.inspire.pf.eureg/23020947,CEMEX Zement GmbH,Cement,Germany,Rüdersdorf bei Berlin,Dry Kiln with Preheater/Precalciner,True,2.0,2.4,Refuse Derived Fuel / Lignite,CEMEX Deutschland Corporate Environment Report & GEM Cement Tracker,https://www.cemex.de/zementwerk-ruedersdorf,Large 4-stage cyclone preheater dry kiln; clinker-to-cement ratio ~0.76,,,0.8,"Large multi-stage precalciner dry kiln (~80% utilization factor, VDZ/CEMEX 2023)",2023,"Direct match on plant name, geocoordinates, and Brandenburg industrial permit"
https://registry.gdi-de.org/id/de.th/5bf25e39-19d5-4254-adac-63f1b1cec499/77012792,"Dyckerhoff GmbH, Werk Deuna ",Cement,Germany,Niederorschel,Dry Kiln with Preheater/Precalciner,True,1.5,1.8,Alternative fuels / Coal,Buzzi Unicem / Dyckerhoff Plant Registry,https://www.dyckerhoff.com/standorte/werk-deuna,Modern rotary kiln with multi-stage precalciner,,,0.78,"Rotary kiln with multi-stage precalciner (~78% capacity factor, Buzzi Unicem 2023)",2023,Direct match on Thuringian environmental permit ID and Buzzi plant registry
https://registry.gdi-de.org/id/de.nw.inspire.pf.bube-eureg/arb-2017-566040-500-0106867,Dyckerhoff GmbH,Cement,Germany,Lengerich,Dry Kiln with Preheater/Precalciner,True,1.2,1.5,Alternative fuels / Coal,Buzzi Unicem Plant Overview,https://www.dyckerhoff.com/standorte/werk-lengerich,Integrated limestone quarry and clinker calcination line,,,0.76,"Integrated dry calcination plant (~76% capacity factor, Buzzi Unicem 2023)",2023,Direct match on NRW BUBE registry ID arb-2017-566040
https://registry.gdi-de.org/id/de.sh/10038078,Holcim (Deutschland) GmbH ,Cement,Germany,Lägerdorf,Semi-Dry / Preheater Kiln (Oxyfuel Conversion Project),True,1.2,1.4,Alternative fuels / Waste oils,Holcim Deutschland & EU Innovation Fund Carbon2Business,https://www.holcim.de/ueber-uns/standorte/werk-laegerdorf,Chalk slurry drying process transitioning to oxyfuel dry calcination,,,0.8,"Chalk slurry drying & oxyfuel conversion line (~80% capacity factor, Holcim 2023)",2023,Direct match on Schleswig-Holstein industrial installation registry
https://registry.gdi-de.org/id/de.by.inspire.pf.ied/S00600,"Heidelberg Materials AG, Zementwerk Burglengenfeld",Cement,Germany,Burglengenfeld,Dry Kiln with Preheater/Precalciner,True,1.1,1.3,Alternative fuels / Coal,Heidelberg Materials Deutschland Werk Burglengenfeld,https://www.heidelbergmaterials.de/standorte/zementwerk-burglengenfeld,Rotary kiln with grate cooler and cyclone precalciner,,,0.78,"Dry kiln with grate cooler (~78% capacity factor, Heidelberg Materials 2023)",2023,Direct match on Bavarian IED register ID S00600
https://registry.gdi-de.org/id/de.bw.lubw.inspire.pf/pf-450-4664299-00000000,HeidelbergCement ,Cement,Germany,Schelklingen,Dry Kiln with Preheater/Precalciner,True,1.2,1.45,Secondary fuels / Coal,Heidelberg Materials Modernization Filing (New Kiln Line 2019),https://www.heidelbergmaterials.de/standorte/zementwerk-schelklingen,State-of-the-art 5-stage preheater kiln with integrated SCR de-NOx,,,0.82,"Modernized 5-stage preheater kiln (line completed 2019, ~82% utilization factor)",2023,Direct match on Baden-Württemberg LUBW installation ID
https://registry.gdi-de.org/id/de.bw.lubw.inspire.pf/pf-450-4650956-00000000,Schwenk Zement ,Cement,Germany,Allmendingen,Dry Kiln with Preheater/Precalciner,True,1.05,1.25,Substitute fuels / Coal,Schwenk Zement KG Plant Documentation,https://www.schwenk.de/standorte/allmendingen,Integrated dry calcination plant with oxyfuel testing,,,0.78,"Integrated rotary kiln calcination line (~78% capacity factor, Schwenk 2023)",2023,Direct match on Baden-Württemberg LUBW installation ID
https://registry.gdi-de.org/id/de.by.inspire.pf.ied/S00242,Zementwerk Rohrdorf,Cement,Germany,Rohrdorf,Dry Kiln with Preheater/Precalciner,True,1.15,1.4,Waste fuels / Natural Gas / Coal,Südbayerisches Portland-Zementwerk Rohrdorf,https://www.rohrdorfer.eu/ueber-uns/standorte/rohrdorf,Pioneer of CO2 capture pilot plant in Bavarian cement sector,,,0.8,"Rotary kiln and carbon-capture pilot line (~80% capacity factor, Rohrdorfer 2023)",2023,Direct match on Bavarian IED register ID S00242
https://registry.gdi-de.org/id/de.by.inspire.pf.ied/S00935,"Heidelberg Materials AG, Zementwerk Lengfurt",Cement,Germany,Triefenstein,Dry Kiln with Preheater/Precalciner,True,1.0,1.2,Alternative fuels / Lignite,Heidelberg Materials Deutschland Werk Lengfurt,https://www.heidelbergmaterials.de/standorte/zementwerk-lengfurt,Integrated dry kiln and specialty binder production,,,0.78,"Integrated rotary kiln line (~78% capacity factor, Heidelberg Materials 2023)",2023,Direct match on Bavarian IED register ID S00935
https://registry.gdi-de.org/id/de.rp.inspire.pf.bube-eureg/5000164,Dyckerhoff GmbH,Cement,Germany,Göllheim,Dry Kiln with Preheater/Precalciner,True,0.95,1.2,Alternative fuels / Coal,Buzzi Unicem / Dyckerhoff Plant Directory,https://www.dyckerhoff.com/standorte/werk-goellheim,Integrated dry rotary kiln,,,0.76,"Dry process rotary kiln line (~76% capacity factor, Buzzi Unicem 2023)",2023,Direct match on Rhineland-Palatinate BUBE registry ID 5000164
PL.MŚ/000000104.FACILITY,Górażdże Cement S.A. - Cementowia Górażdże,Cement,Poland,Chorula,Dry Kiln with Multi-Stage Preheater/Precalciner,True,3.6,4.2,RDF / Coal,Górażdże Cement S.A. (Heidelberg Materials Group) & GEM Tracker,https://www.gorazdze.pl,Largest cement plant in Poland and Central Europe,,,0.85,"Largest dry kiln in Central Europe, high utilization (~85% capacity factor, GEM 2023)",2023,Direct match on Polish Chief Inspectorate of Environmental Protection (GIOŚ) ID
EL.CAED/100078.FACILITY,"HERACLES G.C.Co, MILAKI PLANT",Cement,Greece,ALIVERI,Dry Kiln with Precalciner,True,2.2,2.6,Petcoke / Alternative Fuels,HERACLES General Cement Company (Holcim Group),https://www.lafarge.gr,Major coastal export facility on the island of Evia,,,0.85,"Coastal export plant operating at high utilization (~85% capacity factor, Holcim 2023)",2023,Direct match on Hellenic Ministry of Environment permit EL.CAED/100078
PL.MŚ/000000053.FACILITY,Grupa Ożarów S.A.,Cement,Poland,Karsy,Dry Kiln with Preheater/Precalciner,True,2.4,2.9,Coal / Alternative Fuels,CRH Poland / Grupa Ozarow Technical Profile,https://www.ozarow.com.pl,Large integrated dry process cement works in Świętokrzyskie,,,0.8,"Large integrated dry process works (~80% capacity factor, CRH 2023)",2023,Direct match on Polish GIOŚ industrial installation registry
DK.CAED/000105786.FACILITY,Aalborg Portland A/S,Cement,Denmark,Aalborg Øst,Dry Kiln + Semi-Wet White/Grey Cement Kilns,True,2.5,3.2,Natural Gas / Petcoke / Biomass,Cementir Holding / Aalborg Portland Environmental Declaration,https://www.aalborgportland.dk,World's largest white cement manufacturing facility and sole Danish producer,,,0.85,"Global white cement export lines running continuously (~85% capacity factor, Cementir 2023)",2023,Direct match on Danish Environmental Protection Agency PRTR register
SE.CAED/10016795.Facility,"Heidelberg Materials Cement Sverige AB, Slitefabriken",Cement,Sweden,SLITE,Dry Kiln with Precalciner,True,2.0,2.3,Biofuels / RDF / Coal,Heidelberg Materials Sweden Slite CCS Project,https://www.heidelbergmaterials.se/sv/slite,Gotland facility producing ~75% of Sweden's cement; full-scale CCS planned,,,0.82,Gotland kiln producing ~75% of Swedish domestic clinker (~82% utilization factor),2023,Direct match on Swedish EPA (Naturvårdsverket) industrial registry
https://registry.gdi-de.org/id/de.ni.mu/01211092310,Salzgitter Flachstahl GmbH ,Steel,Germany,Salzgitter,BF-BOF (Integrated Blast Furnace - Basic Oxygen Furnace),False,0.0,0.0,,Salzgitter AG Annual Report & GEM Global Iron and Steel Tracker,https://www.salzgitter-ag.com/en/company/subsidiaries/salzgitter-flachstahl-gmbh.html,"Integrated works operating 3 blast furnaces (A, B, C) and 3 LD converters",4.7,4.4,0.86,Salzgitter AG 2023 report: 3 blast furnaces operating at ~86% utilization,2023,Direct match on Lower Saxony environmental register ID 01211092310
https://registry.gdi-de.org/id/de.nw.inspire.pf.bube-eureg/arb-2017-112000-100-0077961,Hüttenwerke Krupp Mannesmann GmbH,Steel,Germany,Duisburg,BF-BOF (Integrated Blast Furnace - Basic Oxygen Furnace),False,0.0,0.0,,HKM Company Profile & GEM Steel Tracker,https://www.hkm.de,"Integrated iron and steel plant operating 2 blast furnaces (BF A, BF B)",5.6,5.2,0.45,HKM 2023 report: relining and production curtailment (~45% capacity factor),2023,Direct match on NRW BUBE installation ID arb-2017-112000-100-0077961
https://registry.gdi-de.org/id/de.hb/de.hb.pf.bube-eureg.06-04-11/2005382/5/0,ArcelorMittal Bremen GmbH ,Steel,Germany,Bremen,BF-BOF (Integrated Blast Furnace - Basic Oxygen Furnace),False,0.0,0.0,,ArcelorMittal Germany & GEM Global Steel Tracker,https://bremen.arcelormittal.com,Coastal integrated steelworks with blast furnaces and hot strip mill,3.6,3.4,0.38,ArcelorMittal 2023: Blast Furnace 2 relining & market curtailment (~38% capacity),2023,Direct match on Bremen environmental registry ID
https://registry.gdi-de.org/id/de.bb.inspire.pf.eureg/23024102,ArcelorMittal Eisenhüttenstadt GmbH ,Steel,Germany,Eisenhüttenstadt,BF-BOF (Integrated Blast Furnace - Basic Oxygen Furnace),False,0.0,0.0,,ArcelorMittal Eisenhüttenstadt & GEM Steel Tracker,https://eisenhuettenstadt.arcelormittal.com,Integrated flat steel works operating blast furnace 5A and oxygen converters,2.4,2.0,0.42,ArcelorMittal 2023: partial blast furnace 5A single-stack campaign (~42% capacity),2023,Direct match on Brandenburg industrial installation register ID 23024102
https://registry.gdi-de.org/id/de.nw.inspire.pf.bube-eureg/arb-2017-112000-100-0215455,thyssenkrupp Steel Europe AG Werk Hamborn,Steel,Germany,Duisburg,BF-BOF (Integrated Ironmaking: Blast Furnaces Schwelgern),False,0.0,0.0,,thyssenkrupp Steel Europe AG Site Architecture,https://www.thyssenkrupp-steel.com,Ironmaking center of Duisburg works (Blast Furnaces 1 & 2 Schwelgern + Sinter plant),0.0,7.2,0.12,Direct blast furnace stack allocation in E-PRTR (~12% throughput of Schwelgern BFs),2023,Direct match on thyssenkrupp Duisburg site architecture and NRW BUBE register
https://registry.gdi-de.org/id/de.nw.inspire.pf.bube-eureg/arb-2017-112000-100-0209707,thyssenkrupp Steel Europe AG Werk Beeckerwerth,Steel,Germany,Duisburg,Downstream Rolling & Surface Coating (Integrated Complex),False,0.0,0.0,,thyssenkrupp Steel Europe AG Site Architecture,https://www.thyssenkrupp-steel.com,Hot strip mill and galvanizing lines; processes steel produced at Bruckhausen,0.0,0.0,0.8,Downstream rolling mill continuous throughput (~80% utilization factor),2023,Direct match on thyssenkrupp Beeckerwerth cold rolling mill permit
https://registry.gdi-de.org/id/de.nw.inspire.pf.bube-eureg/arb-2017-112000-100-0388700,DK Recycling und Roheisen GmbH,Steel,Germany,Duisburg,Specialized Recycling Blast Furnace (Foundry Pig Iron),False,0.0,0.0,,DK Recycling und Roheisen GmbH Technical Documentation,https://www.dk-duisburg.de,Recycles ferrous waste into specialized foundry pig iron via 2 small blast furnaces,0.0,0.35,0.8,Specialized foundry pig iron recycling furnace continuous operation (~80% utilization),2023,Direct match on DK Recycling Duisburg industrial permit
https://registry.gdi-de.org/id/de.nw.inspire.pf.bube-eureg/arb-2017-112000-100-0209697,thyssenkrupp Steel Europe AG Werk Bruckhausen,Steel,Germany,Duisburg,BOF Converter Steelmaking & Continuous Casting,False,0.0,0.0,,thyssenkrupp Steel Europe AG Site Architecture,https://www.thyssenkrupp-steel.com,Basic oxygen converter shop converting Hamborn pig iron into crude steel,5.8,0.0,0.8,LD basic oxygen converter shop continuous throughput (~80% utilization),2023,Direct match on thyssenkrupp Bruckhausen BOF steelmaking shop permit
https://registry.gdi-de.org/id/de.nw.inspire.pf.bube-eureg/arb-2017-112000-100-9973329,ArcelorMittal Hochfeld GmbH,Steel,Germany,Duisburg,Scrap-EAF (Electric Arc Furnace) Wire Rod Production,False,0.0,0.0,,ArcelorMittal Duisburg / Hochfeld Plant Overview,https://germany.arcelormittal.com,Electric arc furnace recycling ferrous scrap into quality wire rod (Secondary Steel),1.05,0.0,0.82,"Scrap-EAF wire rod electric mini-mill capacity factor (~82% utilization, worldsteel 2023)",2023,Direct match on ArcelorMittal Hochfeld EAF permit
https://registry.gdi-de.org/id/de.ni.mu/10285005160,Georgsmarienhütte GmbH ,Steel,Germany,Georgsmarienhütte,Scrap-EAF (Direct Current Electric Arc Furnace),False,0.0,0.0,,Georgsmarienhütte Holding GmbH Sustainability Report,https://www.gmh-gruppe.de/de/standorte/georgsmarienhuette,Pioneer of DC electric arc furnace green engineering steel from 100% scrap,1.0,0.0,0.75,"Scrap-EAF direct current electric arc furnace (~75% capacity factor, GMH 2023 report)",2023,Direct match on Lower Saxony industrial register ID 10285005160
AT.CAED/9008390731697.FACILITY,voestalpine Stahl GmbH,Steel,Austria,Linz,BF-BOF (Integrated Blast Furnace - LD Steelmaking),False,0.0,0.0,,voestalpine AG Corporate Profile & GEM Steel Tracker,https://www.voestalpine.com/stahl/en,"Birthplace of LD oxygen steelmaking; operates Blast Furnaces A, 5, 6",6.0,5.4,0.78,"voestalpine AG Linz site: Blast Furnaces A, 5, 6 operating at ~78% utilization factor",2023,Direct match on Austrian Environment Agency (Umweltbundesamt) register
FR.CAED/7656.FACILITY,ARCELORMITTAL MEDITERRANEE,Steel,France,FOS SUR MER,BF-BOF (Integrated Blast Furnace - Basic Oxygen Furnace),False,0.0,0.0,,ArcelorMittal France & GEM Global Steel Tracker,https://mediterranee.arcelormittal.com,"Major Mediterranean coastal integrated steel mill (BF1, BF2)",4.5,4.2,0.8,ArcelorMittal Fos-sur-Mer coastal works operating at ~80% utilization factor,2023,Direct match on French Ministry for Ecological Transition (GEREP) register
NL.RIVM/000023301.FACILITY,Tata Steel IJmuiden BV,Steel,Netherlands,Velsen-Noord,BF-BOF (Integrated Blast Furnace - Basic Oxygen Furnace),False,0.0,0.0,,Tata Steel Nederland & GEM Global Steel Tracker,https://www.tatasteel.nl,Coastal integrated steelworks operating Blast Furnaces 6 and 7,7.5,7.0,0.45,Tata Steel IJmuiden 2023 report: Blast Furnace 6 relining shutdown (~45% capacity),2023,Direct match on Dutch RIVM Pollutant Release and Transfer Register
https://data.gov.sk/set/data/so/b4d884b3-4442-43db-a19c-ceb6e127960f/SK57002803.NRZ.FACILITY,U.S.Steel s.r.o.,Steel,Slovakia,Košice - Šaca,BF-BOF (Integrated Blast Furnace - Basic Oxygen Furnace),False,0.0,0.0,,U.S. Steel Košice Profile & GEM Steel Tracker,https://www.usske.sk,"Largest integrated steelmaker in Central Europe (BF1, BF2, BF3)",4.5,4.2,0.78,"U.S. Steel Košice BF1, BF2, BF3 operating at ~78% capacity factor (USSK 2023 disclosure)",2023,Direct match on Slovak National Pollutant Register (NRZ) ID
IT.CAED/741231004.FACILITY,STABILIMENTO DI TARANTO,Steel,Italy,TARANTO,BF-BOF (Integrated Blast Furnace - Basic Oxygen Furnace),False,0.0,0.0,,Acciaierie d'Italia (ex-Ilva) & GEM Global Steel Tracker,https://www.gruppoadi.com,"Largest steel manufacturing complex in Europe (BF1, BF2, BF4)",8.0,7.5,0.35,Acciaierie d'Italia 2022-2023 report: crisis curtailment with only 1 blast furnace active (~35% capacity),2023,Direct match on Italian ISPRA National Emissions Register ID
