facility_inspire_id,nox_co2_ratio_mean,nox_co2_ratio_std,nox_co2_ratio_cv,n_ratio_obs
AT.CAED/9008390731697.FACILITY,0.0002771207431052309,1.5333048396143125e-05,0.05532984728725528,5
DK.CAED/000105786.FACILITY,0.0012134477634179932,8.945727768927156e-05,0.07372157284899658,5
EL.CAED/100078.FACILITY,0.0010052064868065285,0.0005023691204238371,0.49976708966515837,5
FR.CAED/7656.FACILITY,0.0006123971288041457,5.9064026183463914e-05,0.0964472617610092,5
IT.CAED/741231004.FACILITY,0.0007773636458768401,0.00014064153444110817,0.18092116242774545,5
NL.RIVM/000023301.FACILITY,0.0008910001173737823,3.697614469024623e-05,0.04149959575676959,5
PL.MŚ/000000053.FACILITY,0.000981797036860432,0.00011230592332107048,0.11438812616526098,5
PL.MŚ/000000104.FACILITY,0.0011495040373552098,4.6240755817579894e-05,0.04022670152944489,4
SE.CAED/10016795.Facility,0.0008283253556527516,9.156969645067852e-05,0.11054798193219396,5
https://data.gov.sk/set/data/so/b4d884b3-4442-43db-a19c-ceb6e127960f/SK57002803.NRZ.FACILITY,0.0008008217151120077,0.00013321856792469937,0.16635234211408295,5
https://registry.gdi-de.org/id/de.bb.inspire.pf.eureg/23020947,0.0006912050165849823,0.00016891902749016193,0.24438339340292342,5
https://registry.gdi-de.org/id/de.bb.inspire.pf.eureg/23024102,0.0007408074791097873,5.012127766425655e-05,0.06765762911098876,5
https://registry.gdi-de.org/id/de.bw.lubw.inspire.pf/pf-450-4650956-00000000,0.0005177975645408778,7.796780801157229e-05,0.15057584923309753,5
https://registry.gdi-de.org/id/de.bw.lubw.inspire.pf/pf-450-4664299-00000000,0.0005620425896788067,0.00017474854696291432,0.31091691300970403,5
https://registry.gdi-de.org/id/de.by.inspire.pf.ied/S00242,0.00042610495472909603,1.821635052866572e-05,0.0427508535784267,5
https://registry.gdi-de.org/id/de.by.inspire.pf.ied/S00600,0.00046990581765218094,7.297236042072791e-05,0.1552914598617318,5
https://registry.gdi-de.org/id/de.by.inspire.pf.ied/S00935,0.00047426407273555224,2.330479016860658e-05,0.049138847971731646,5
https://registry.gdi-de.org/id/de.hb/de.hb.pf.bube-eureg.06-04-11/2005382/5/0,0.0006589231957126694,0.00010359106270699478,0.15721265146077326,5
https://registry.gdi-de.org/id/de.ni.mu/01211092310,0.0005099621109101322,5.1529102227023505e-05,0.10104496221309311,5
https://registry.gdi-de.org/id/de.ni.mu/10285005160,0.0009418065882774273,9.201183073530356e-05,0.09769716190199308,5
https://registry.gdi-de.org/id/de.nw.inspire.pf.bube-eureg/arb-2017-112000-100-0077961,0.0007147513810657258,9.394712428375789e-05,0.1314402836741338,5
https://registry.gdi-de.org/id/de.nw.inspire.pf.bube-eureg/arb-2017-112000-100-0209697,0.001061727451493189,2.2790431367095595e-05,0.021465425364149394,5
https://registry.gdi-de.org/id/de.nw.inspire.pf.bube-eureg/arb-2017-112000-100-0209707,0.0009575752762315765,2.7491111958915783e-05,0.02870908704650749,5
https://registry.gdi-de.org/id/de.nw.inspire.pf.bube-eureg/arb-2017-112000-100-0215455,0.00012075344845213953,1.7468882051349315e-05,0.14466569920173405,5
https://registry.gdi-de.org/id/de.nw.inspire.pf.bube-eureg/arb-2017-566040-500-0106867,0.0005362257059134162,1.624897056754583e-05,0.030302483428814832,5
https://registry.gdi-de.org/id/de.rp.inspire.pf.bube-eureg/5000164,0.0006179371835792974,9.116118844068393e-05,0.14752500879239544,5
https://registry.gdi-de.org/id/de.sh/10038078,0.0006247614754550039,0.00011927803985453321,0.19091772546901184,5
https://registry.gdi-de.org/id/de.th/5bf25e39-19d5-4254-adac-63f1b1cec499/77012792,0.0006808138287066886,0.00021623118612130006,0.3176069242483877,5
